Protocollo;Gruppo;DataOraIncidente;Localizzazione1;STRADA1;Localizzazione2;STRADA2;Strada02;Chilometrica;DaSpecificare;NaturaIncidente;particolaritastrade;TipoStrada;FondoStradale;Pavimentazione;Segnaletica;CondizioneAtmosferica;Traffico;Visibilita;Illuminazione;NUM_FERITI;NUM_RISERVATA;NUM_MORTI;NUM_ILLESI;Longitudine;Latitudine;Confermato;Progressivo;TipoVeicolo;StatoVeicolo;TipoPersona;Sesso;Tipolesione;Deceduto;DecedutoDopo;CinturaCascoUtilizzato;Airbag
2035182;10;06/04/2014 19:30;Strada Urbana;VIA ANAGNINA;in prossimità;;del civico n.;327;;Veicolo in marcia contro ostacolo fisso;Rettilineo;Due carreggiate;Asciutto;Asfaltata;Verticale ed orizzontale;Sereno;Normale;Buona;Ore Diurne;0;0;0;3;12.6138;41.81857;-1;1;Autovettura privata;In marcia / fermata / arresto;Conducente;F;Illeso;0;;Non accertato;Inesploso
2035182;10;06/04/2014 19:30;Strada Urbana;VIA ANAGNINA;in prossimità;;del civico n.;327;;Veicolo in marcia contro ostacolo fisso;Rettilineo;Due carreggiate;Asciutto;Asfaltata;Verticale ed orizzontale;Sereno;Normale;Buona;Ore Diurne;0;0;0;3;12.6138;41.81857;-1;2;Autovettura privata;In marcia / fermata / arresto;Conducente;M;Illeso;0;;Non accertato;Inesploso
2035182;10;06/04/2014 19:30;Strada Urbana;VIA ANAGNINA;in prossimità;;del civico n.;327;;Veicolo in marcia contro ostacolo fisso;Rettilineo;Due carreggiate;Asciutto;Asfaltata;Verticale ed orizzontale;Sereno;Normale;Buona;Ore Diurne;0;0;0;3;12.6138;41.81857;-1;2;Autovettura privata;In marcia / fermata / arresto;Passeggero;M;Illeso;0;;Non accertato;Inesistente
2035198;2;06/04/2014 16:00;Strada Urbana;VIA PINCIANA;in corrispondenza;;del civico n.;65;;Veicolo in marcia contro veicoli in arresto;Rettilineo;Una carreggiata a doppio senso;Asciutto;Asfaltata;Verticale ed orizzontale;Sereno;Intenso;Buona;Ore Diurne;0;0;0;8;12.49174;41.91142;-1;1;Autovettura privata;In marcia / fermata / arresto;Conducente;M;Illeso;0;;Non accertato;Inesploso
2035198;2;06/04/2014 16:00;Strada Urbana;VIA PINCIANA;in corrispondenza;;del civico n.;65;;Veicolo in marcia contro veicoli in arresto;Rettilineo;Una carreggiata a doppio senso;Asciutto;Asfaltata;Verticale ed orizzontale;Sereno;Intenso;Buona;Ore Diurne;0;0;0;8;12.49174;41.91142;-1;1;Autovettura privata;In marcia / fermata / arresto;Passeggero;F;Illeso;0;;Non accertato;Inesploso
2035198;2;06/04/2014 16:00;Strada Urbana;VIA PINCIANA;in corrispondenza;;del civico n.;65;;Veicolo in marcia contro veicoli in arresto;Rettilineo;Una carreggiata a doppio senso;Asciutto;Asfaltata;Verticale ed orizzontale;Sereno;Intenso;Buona;Ore Diurne;0;0;0;8;12.49174;41.91142;-1;1;Autovettura privata;In marcia / fermata / arresto;Passeggero;F;Illeso;0;;Non accertato;Inesploso
2035198;2;06/04/2014 16:00;Strada Urbana;VIA PINCIANA;in corrispondenza;;del civico n.;65;;Veicolo in marcia contro veicoli in arresto;Rettilineo;Una carreggiata a doppio senso;Asciutto;Asfaltata;Verticale ed orizzontale;Sereno;Intenso;Buona;Ore Diurne;0;0;0;8;12.49174;41.91142;-1;1;Autovettura privata;In marcia / fermata / arresto;Passeggero;M;Illeso;0;;Non accertato;Inesploso
2035198;2;06/04/2014 16:00;Strada Urbana;VIA PINCIANA;in corrispondenza;;del civico n.;65;;Veicolo in marcia contro veicoli in arresto;Rettilineo;Una carreggiata a doppio senso;Asciutto;Asfaltata;Verticale ed orizzontale;Sereno;Intenso;Buona;Ore Diurne;0;0;0;8;12.49174;41.91142;-1;1;Autovettura privata;In marcia / fermata / arresto;Passeggero;F;Illeso;0;;Non accertato;Inesploso
2035198;2;06/04/2014 16:00;Strada Urbana;VIA PINCIANA;in corrispondenza;;del civico n.;65;;Veicolo in marcia contro veicoli in arresto;Rettilineo;Una carreggiata a doppio senso;Asciutto;Asfaltata;Verticale ed orizzontale;Sereno;Intenso;Buona;Ore Diurne;0;0;0;8;12.49174;41.91142;-1;2;Autovettura privata;In marcia / fermata / arresto;Conducente;F;Illeso;0;;Non accertato;Inesploso
2035198;2;06/04/2014 16:00;Strada Urbana;VIA PINCIANA;in corrispondenza;;del civico n.;65;;Veicolo in marcia contro veicoli in arresto;Rettilineo;Una carreggiata a doppio senso;Asciutto;Asfaltata;Verticale ed orizzontale;Sereno;Intenso;Buona;Ore Diurne;0;0;0;8;12.49174;41.91142;-1;2;Autovettura privata;In marcia / fermata / arresto;Passeggero;M;Illeso;0;;Non accertato;Inesploso
2035198;2;06/04/2014 16:00;Strada Urbana;VIA PINCIANA;in corrispondenza;;del civico n.;65;;Veicolo in marcia contro veicoli in arresto;Rettilineo;Una carreggiata a doppio senso;Asciutto;Asfaltata;Verticale ed orizzontale;Sereno;Intenso;Buona;Ore Diurne;0;0;0;8;12.49174;41.91142;-1;3;Autovettura privata;In marcia / fermata / arresto;Conducente;F;Illeso;0;;Non accertato;Inesploso
2035199;2;05/04/2014 21:00;Strada Urbana;VIA PO;da specificare;;;;altezza Via Livenza;Veicolo in marcia contro veicolo in sosta;Rettilineo;Una carreggiata a doppio senso;Asciutto;Asfaltata;Verticale ed orizzontale;Nuvoloso;Scarso;Buona;Sufficiente;0;0;0;1;12.49471;41.91384;-1;1;Autocarro inferiore 35 q.;In marcia / fermata / arresto;Conducente;M;Illeso;0;;Non accertato;Inesploso
2035201;1;06/04/2014 08:10;Strada Urbana;PIAZZA DI S. CROCE IN GERUSALEMME;in corrispondenza;;del civico n.;1;;Scontro laterale fra veicoli in marcia;Rettilineo;Più di due carreggiate;Asciutto;Asfaltata;Verticale;Sereno;Scarso;Buona;Ore Diurne;0;0;0;2;12.51448;41.88855;-1;1;Autovettura privata;In marcia / fermata / arresto;Conducente;M;Illeso;0;;Non accertato;Inesploso
2035201;1;06/04/2014 08:10;Strada Urbana;PIAZZA DI S. CROCE IN GERUSALEMME;in corrispondenza;;del civico n.;1;;Scontro laterale fra veicoli in marcia;Rettilineo;Più di due carreggiate;Asciutto;Asfaltata;Verticale;Sereno;Scarso;Buona;Ore Diurne;0;0;0;2;12.51448;41.88855;-1;2;Autovettura privata;In marcia / fermata / arresto;Conducente;M;Illeso;0;;Non accertato;Inesploso
2035203;2;06/04/2014 00:20;Strada Urbana;VIALE GORIZIA;in corrispondenza;;del civico n.;23;;Veicolo in marcia contro veicoli in sosta;Rettilineo;Una carreggiata a doppio senso;Asciutto;Asfaltata;Verticale ed orizzontale;Sereno;Scarso;Buona;Sufficiente;0;0;0;3;12.51235;41.91947;-1;1;Autovettura privata;In marcia / fermata / arresto;Conducente;F;Illeso;0;;Non accertato;Inesploso
2035203;2;06/04/2014 00:20;Strada Urbana;VIALE GORIZIA;in corrispondenza;;del civico n.;23;;Veicolo in marcia contro veicoli in sosta;Rettilineo;Una carreggiata a doppio senso;Asciutto;Asfaltata;Verticale ed orizzontale;Sereno;Scarso;Buona;Sufficiente;0;0;0;3;12.51235;41.91947;-1;1;Autovettura privata;In marcia / fermata / arresto;Passeggero;F;Illeso;0;;Non accertato;Inesploso
2035203;2;06/04/2014 00:20;Strada Urbana;VIALE GORIZIA;in corrispondenza;;del civico n.;23;;Veicolo in marcia contro veicoli in sosta;Rettilineo;Una carreggiata a doppio senso;Asciutto;Asfaltata;Verticale ed orizzontale;Sereno;Scarso;Buona;Sufficiente;0;0;0;3;12.51235;41.91947;-1;2;Autovettura privata;In marcia / fermata / arresto;Conducente;M;Illeso;0;;Non accertato;Inesploso
2035204;2;06/04/2014 02:00;Strada Urbana;VIA DEGLI APULI;in prossimità;;del civico n.;39;;Veicolo in marcia contro veicoli in sosta;Rettilineo;Una carreggiata a senso unico di marcia;Asciutto;Asfaltata;Verticale ed orizzontale;Sereno;Scarso;Buona;Sufficiente;0;0;0;1;12.51627;41.89612;-1;1;Autovettura privata;In marcia / fermata / arresto;Conducente;M;Illeso;0;;Non accertato;Inesploso
2035206;2;06/04/2014 19:15;Strada Urbana;CIRCONVALLAZIONE SALARIA;da specificare;;;;direz. stadio pross. uscita Via Salaria direz. GRA;Veicolo in marcia contro ostacolo fisso;Rettilineo;Due carreggiate;Asciutto;Asfaltata;Verticale ed orizzontale;Sereno;Normale;Buona;Sufficiente;0;0;0;1;12.51139;41.93842;-1;1;Autovettura privata;In marcia / fermata / arresto;Conducente;F;Illeso;0;;Non accertato;Inesploso
2035208;2;06/04/2014 00:45;Strada Urbana;VIALE PINTURICCHIO;all'intersezione con;VIA ANTONAZZO ROMANO;VIA ANTONAZZO ROMANO;;;Scontro frontale/laterale DX fra veicoli in marcia;Intersezione stradale segnalata;Una carreggiata a doppio senso;Asciutto;Asfaltata;Verticale ed orizzontale;Sereno;Scarso;Sufficiente;Sufficiente;0;0;0;5;12.46485;41.93055;-1;1;Autovettura privata;In marcia / fermata / arresto;Conducente;M;Illeso;0;;Non accertato;Esploso
2035208;2;06/04/2014 00:45;Strada Urbana;VIALE PINTURICCHIO;all'intersezione con;VIA ANTONAZZO ROMANO;VIA ANTONAZZO ROMANO;;;Scontro frontale/laterale DX fra veicoli in marcia;Intersezione stradale segnalata;Una carreggiata a doppio senso;Asciutto;Asfaltata;Verticale ed orizzontale;Sereno;Scarso;Sufficiente;Sufficiente;0;0;0;5;12.46485;41.93055;-1;1;Autovettura privata;In marcia / fermata / arresto;Passeggero;M;Illeso;0;;Non accertato;Inesploso
2035208;2;06/04/2014 00:45;Strada Urbana;VIALE PINTURICCHIO;all'intersezione con;VIA ANTONAZZO ROMANO;VIA ANTONAZZO ROMANO;;;Scontro frontale/laterale DX fra veicoli in marcia;Intersezione stradale segnalata;Una carreggiata a doppio senso;Asciutto;Asfaltata;Verticale ed orizzontale;Sereno;Scarso;Sufficiente;Sufficiente;0;0;0;5;12.46485;41.93055;-1;1;Autovettura privata;In marcia / fermata / arresto;Passeggero;F;Illeso;0;;Non accertato;Inesploso
2035208;2;06/04/2014 00:45;Strada Urbana;VIALE PINTURICCHIO;all'intersezione con;VIA ANTONAZZO ROMANO;VIA ANTONAZZO ROMANO;;;Scontro frontale/laterale DX fra veicoli in marcia;Intersezione stradale segnalata;Una carreggiata a doppio senso;Asciutto;Asfaltata;Verticale ed orizzontale;Sereno;Scarso;Sufficiente;Sufficiente;0;0;0;5;12.46485;41.93055;-1;1;Autovettura privata;In marcia / fermata / arresto;Passeggero;M;Illeso;0;;Non accertato;Inesploso
2035208;2;06/04/2014 00:45;Strada Urbana;VIALE PINTURICCHIO;all'intersezione con;VIA ANTONAZZO ROMANO;VIA ANTONAZZO ROMANO;;;Scontro frontale/laterale DX fra veicoli in marcia;Intersezione stradale segnalata;Una carreggiata a doppio senso;Asciutto;Asfaltata;Verticale ed orizzontale;Sereno;Scarso;Sufficiente;Sufficiente;0;0;0;5;12.46485;41.93055;-1;2;Autovettura privata;In marcia / fermata / arresto;Conducente;F;Illeso;0;;Non accertato;Esploso
2035212;2;06/04/2014 04:00;Strada Urbana;VIA SALARIA;da specificare;;;;altezza Prato della Signora;Veicolo in marcia contro veicolo fermo;Rettilineo;Una carreggiata a senso unico di marcia;Asciutto;Asfaltata;Verticale ed orizzontale;Sereno;Scarso;Buona;Sufficiente;0;0;0;3;12.50909;41.93893;-1;1;Autovettura privata;In marcia / fermata / arresto;Conducente;F;Illeso;0;;Non accertato;Inesploso
2035212;2;06/04/2014 04:00;Strada Urbana;VIA SALARIA;da specificare;;;;altezza Prato della Signora;Veicolo in marcia contro veicolo fermo;Rettilineo;Una carreggiata a senso unico di marcia;Asciutto;Asfaltata;Verticale ed orizzontale;Sereno;Scarso;Buona;Sufficiente;0;0;0;3;12.50909;41.93893;-1;1;Autovettura privata;In marcia / fermata / arresto;Passeggero;M;Illeso;0;;Non accertato;Inesploso
2035212;2;06/04/2014 04:00;Strada Urbana;VIA SALARIA;da specificare;;;;altezza Prato della Signora;Veicolo in marcia contro veicolo fermo;Rettilineo;Una carreggiata a senso unico di marcia;Asciutto;Asfaltata;Verticale ed orizzontale;Sereno;Scarso;Buona;Sufficiente;0;0;0;3;12.50909;41.93893;-1;2;Autovettura privata;In marcia / fermata / arresto;Conducente;M;Illeso;0;;Non accertato;Inesploso
2035214;2;06/04/2014 12:05;Strada Urbana;VIA DEL FORO ITALICO;da specificare;;;;prossimità civico 501 direzione stadio;Tamponamento Multiplo;Rettilineo;Due carreggiate;Asciutto;Asfaltata;Orizzontale;Sereno;Intenso;Buona;Ore Diurne;0;0;0;5;12.49184;41.93943;-1;1;Autovettura privata;In marcia / fermata / arresto;Conducente;M;Illeso;0;;Non accertato;Inesploso
2035214;2;06/04/2014 12:05;Strada Urbana;VIA DEL FORO ITALICO;da specificare;;;;prossimità civico 501 direzione stadio;Tamponamento Multiplo;Rettilineo;Due carreggiate;Asciutto;Asfaltata;Orizzontale;Sereno;Intenso;Buona;Ore Diurne;0;0;0;5;12.49184;41.93943;-1;1;Autovettura privata;In marcia / fermata / arresto;Passeggero;F;Illeso;0;;Non accertato;Inesploso
2035214;2;06/04/2014 12:05;Strada Urbana;VIA DEL FORO ITALICO;da specificare;;;;prossimità civico 501 direzione stadio;Tamponamento Multiplo;Rettilineo;Due carreggiate;Asciutto;Asfaltata;Orizzontale;Sereno;Intenso;Buona;Ore Diurne;0;0;0;5;12.49184;41.93943;-1;2;Autovettura privata;In marcia / fermata / arresto;Conducente;F;Illeso;0;;Non accertato;Inesploso
2035214;2;06/04/2014 12:05;Strada Urbana;VIA DEL FORO ITALICO;da specificare;;;;prossimità civico 501 direzione stadio;Tamponamento Multiplo;Rettilineo;Due carreggiate;Asciutto;Asfaltata;Orizzontale;Sereno;Intenso;Buona;Ore Diurne;0;0;0;5;12.49184;41.93943;-1;2;Autovettura privata;In marcia / fermata / arresto;Passeggero;F;Illeso;0;;Non accertato;Inesploso
2035214;2;06/04/2014 12:05;Strada Urbana;VIA DEL FORO ITALICO;da specificare;;;;prossimità civico 501 direzione stadio;Tamponamento Multiplo;Rettilineo;Due carreggiate;Asciutto;Asfaltata;Orizzontale;Sereno;Intenso;Buona;Ore Diurne;0;0;0;5;12.49184;41.93943;-1;3;Autovettura privata;In marcia / fermata / arresto;Conducente;F;Illeso;0;;Non accertato;Inesploso
2035221;4;05/04/2014 09:30;Strada Urbana;PIAZZA FILATTIERA;in corrispondenza;;del civico n.;59;;Scontro frontale/laterale SX fra veicoli in marcia;Rettilineo;Una carreggiata a doppio senso;Asciutto;Asfaltata;Verticale ed orizzontale;Nuvoloso;Normale;Buona;Ore Diurne;0;0;0;3;12.51801;41.95865;-1;1;Autovettura privata;In marcia / fermata / arresto;Conducente;F;Illeso;0;;Non accertato;
2035221;4;05/04/2014 09:30;Strada Urbana;PIAZZA FILATTIERA;in corrispondenza;;del civico n.;59;;Scontro frontale/laterale SX fra veicoli in marcia;Rettilineo;Una carreggiata a doppio senso;Asciutto;Asfaltata;Verticale ed orizzontale;Nuvoloso;Normale;Buona;Ore Diurne;0;0;0;3;12.51801;41.95865;-1;2;Autovettura privata;In marcia / fermata / arresto;Conducente;F;Illeso;0;;Non accertato;
2035221;4;05/04/2014 09:30;Strada Urbana;PIAZZA FILATTIERA;in corrispondenza;;del civico n.;59;;Scontro frontale/laterale SX fra veicoli in marcia;Rettilineo;Una carreggiata a doppio senso;Asciutto;Asfaltata;Verticale ed orizzontale;Nuvoloso;Normale;Buona;Ore Diurne;0;0;0;3;12.51801;41.95865;-1;2;Autovettura privata;In marcia / fermata / arresto;Passeggero;F;Illeso;0;;Non accertato;
2035229;13;05/04/2014 19:40;Strada Urbana;VIALE DEI ROMAGNOLI;da specificare;;;;ALT. VIA MASPERO;Tamponamento;Rettilineo;Una carreggiata a doppio senso;Asciutto;Asfaltata;Verticale ed orizzontale;Nuvoloso;Normale;Buona;Sufficiente;2;0;0;1;12.32203;41.76901;-1;1;Autovettura privata;In marcia / fermata / arresto;Conducente;F;Illeso;0;;Non accertato;Inesploso
2035229;13;05/04/2014 19:40;Strada Urbana;VIALE DEI ROMAGNOLI;da specificare;;;;ALT. VIA MASPERO;Tamponamento;Rettilineo;Una carreggiata a doppio senso;Asciutto;Asfaltata;Verticale ed orizzontale;Nuvoloso;Normale;Buona;Sufficiente;2;0;0;1;12.32203;41.76901;-1;2;Autovettura privata;In marcia / fermata / arresto;Conducente;F;Rimandato;0;NON DECEDUTO;Non accertato;Inesploso
2035229;13;05/04/2014 19:40;Strada Urbana;VIALE DEI ROMAGNOLI;da specificare;;;;ALT. VIA MASPERO;Tamponamento;Rettilineo;Una carreggiata a doppio senso;Asciutto;Asfaltata;Verticale ed orizzontale;Nuvoloso;Normale;Buona;Sufficiente;2;0;0;1;12.32203;41.76901;-1;2;Autovettura privata;In marcia / fermata / arresto;Passeggero;M;Rimandato;0;NON DECEDUTO;Non accertato;Inesploso
2035230;4;05/04/2014 13:40;Provinciale entro l'abitato;VIA NOMENTANA;da specificare;;;;altezza v.le Kant;Scontro laterale fra veicoli in marcia;Rettilineo;Una carreggiata a doppio senso;Asciutto;Asfaltata;Assente;Nuvoloso;Normale;Buona;Ore Diurne;0;0;0;3;12.55239;41.94111;-1;1;Autovettura privata;In marcia / fermata / arresto;Passeggero;F;Illeso;0;;Non accertato;Inesploso
2035230;4;05/04/2014 13:40;Provinciale entro l'abitato;VIA NOMENTANA;da specificare;;;;altezza v.le Kant;Scontro laterale fra veicoli in marcia;Rettilineo;Una carreggiata a doppio senso;Asciutto;Asfaltata;Assente;Nuvoloso;Normale;Buona;Ore Diurne;0;0;0;3;12.55239;41.94111;-1;1;Autovettura privata;In marcia / fermata / arresto;Conducente;M;Illeso;0;;Non accertato;Inesploso
2035230;4;05/04/2014 13:40;Provinciale entro l'abitato;VIA NOMENTANA;da specificare;;;;altezza v.le Kant;Scontro laterale fra veicoli in marcia;Rettilineo;Una carreggiata a doppio senso;Asciutto;Asfaltata;Assente;Nuvoloso;Normale;Buona;Ore Diurne;0;0;0;3;12.55239;41.94111;-1;2;Autovettura privata;In marcia / fermata / arresto;Conducente;M;Illeso;0;;Non accertato;Inesploso
2035236;4;05/04/2014 20:40;Strada Urbana;VIALE TIRRENO;da specificare;;;;via Monte Patulo;Scontro laterale fra veicoli in marcia;Rettilineo;Due carreggiate;Asciutto;Asfaltata;Verticale ed orizzontale;Sereno;Normale;Sufficiente;Sufficiente;0;0;0;3;12.52746;41.94457;-1;1;Autovettura privata;In marcia / fermata / arresto;Conducente;M;Illeso;0;;Non accertato;
2035236;4;05/04/2014 20:40;Strada Urbana;VIALE TIRRENO;da specificare;;;;via Monte Patulo;Scontro laterale fra veicoli in marcia;Rettilineo;Due carreggiate;Asciutto;Asfaltata;Verticale ed orizzontale;Sereno;Normale;Sufficiente;Sufficiente;0;0;0;3;12.52746;41.94457;-1;2;Autovettura privata;In marcia / fermata / arresto;Conducente;F;Illeso;0;;Non accertato;
2035236;4;05/04/2014 20:40;Strada Urbana;VIALE TIRRENO;da specificare;;;;via Monte Patulo;Scontro laterale fra veicoli in marcia;Rettilineo;Due carreggiate;Asciutto;Asfaltata;Verticale ed orizzontale;Sereno;Normale;Sufficiente;Sufficiente;0;0;0;3;12.52746;41.94457;-1;2;Autovettura privata;In marcia / fermata / arresto;Passeggero;F;Illeso;0;;Non accertato;
2035237;19;04/04/2014 19:15;Strada Urbana;VIA PIETRO GASPARRI;in prossimità;;del civico n.;30;;Investimento di pedone;Rettilineo;Una carreggiata a doppio senso;Asciutto;Asfaltata;Orizzontale;Sereno;Normale;Buona;Ore Diurne;1;0;0;1;12.41461;41.92164;-1;;;;Pedone;M;Rimandato;0;NON DECEDUTO;;
2035237;19;04/04/2014 19:15;Strada Urbana;VIA PIETRO GASPARRI;in prossimità;;del civico n.;30;;Investimento di pedone;Rettilineo;Una carreggiata a doppio senso;Asciutto;Asfaltata;Orizzontale;Sereno;Normale;Buona;Ore Diurne;1;0;0;1;12.41461;41.92164;-1;1;Autovettura privata;In marcia / fermata / arresto;Conducente;M;Illeso;0;;Non accertato;Inesploso
2035243;4;06/04/2014 01:20;Strada Urbana;VIA TOLMINO;in prossimità;;del civico n.;43;;Veicolo in marcia contro veicoli in sosta;Rettilineo;Una carreggiata a doppio senso;Asciutto;Asfaltata;Verticale ed orizzontale;Sereno;Scarso;Sufficiente;Sufficiente;0;0;0;1;12.51457;41.92088;-1;4;Autovettura privata;In marcia / fermata / arresto;Conducente;F;Illeso;0;;Non accertato;Inesploso
2035245;12;06/04/2014 16:50;Strada Urbana;PIAZZALE PIER LUIGI NERVI;da specificare;;;;area di parcheggio fronte Palalottomatica;Scontro frontale fra veicoli in marcia;Rettilineo;Una carreggiata a doppio senso;Asciutto;Asfaltata;Orizzontale;Sereno;Normale;Buona;Ore Diurne;0;0;0;6;12.46603;41.82419;-1;1;Autovettura privata;In marcia / fermata / arresto;Conducente;M;Illeso;0;;Utilizzato;Inesploso
2035245;12;06/04/2014 16:50;Strada Urbana;PIAZZALE PIER LUIGI NERVI;da specificare;;;;area di parcheggio fronte Palalottomatica;Scontro frontale fra veicoli in marcia;Rettilineo;Una carreggiata a doppio senso;Asciutto;Asfaltata;Orizzontale;Sereno;Normale;Buona;Ore Diurne;0;0;0;6;12.46603;41.82419;-1;1;Autovettura privata;In marcia / fermata / arresto;Passeggero;F;Illeso;0;;Non accertato;Inesploso
2035245;12;06/04/2014 16:50;Strada Urbana;PIAZZALE PIER LUIGI NERVI;da specificare;;;;area di parcheggio fronte Palalottomatica;Scontro frontale fra veicoli in marcia;Rettilineo;Una carreggiata a doppio senso;Asciutto;Asfaltata;Orizzontale;Sereno;Normale;Buona;Ore Diurne;0;0;0;6;12.46603;41.82419;-1;2;Autovettura privata;In marcia / fermata / arresto;Conducente;M;Illeso;0;;Utilizzato;Inesploso
2035245;12;06/04/2014 16:50;Strada Urbana;PIAZZALE PIER LUIGI NERVI;da specificare;;;;area di parcheggio fronte Palalottomatica;Scontro frontale fra veicoli in marcia;Rettilineo;Una carreggiata a doppio senso;Asciutto;Asfaltata;Orizzontale;Sereno;Normale;Buona;Ore Diurne;0;0;0;6;12.46603;41.82419;-1;2;Autovettura privata;In marcia / fermata / arresto;Passeggero;M;Illeso;0;;Non accertato;Inesploso
2035245;12;06/04/2014 16:50;Strada Urbana;PIAZZALE PIER LUIGI NERVI;da specificare;;;;area di parcheggio fronte Palalottomatica;Scontro frontale fra veicoli in marcia;Rettilineo;Una carreggiata a doppio senso;Asciutto;Asfaltata;Orizzontale;Sereno;Normale;Buona;Ore Diurne;0;0;0;6;12.46603;41.82419;-1;2;Autovettura privata;In marcia / fermata / arresto;Passeggero;M;Illeso;0;;Non accertato;Inesploso
2035246;20;06/04/2014 15:10;Strada Urbana;VIA DI BACCANELLO;in prossimità;;del civico n.;113;;Fuoriuscita dalla sede stradale;Rettilineo;Una carreggiata a doppio senso;Asciutto;Asfaltata;Orizzontale;Sereno;Normale;Buona;Ore Diurne;3;1;0;0;12.36074;42.06249;-1;1;Autovettura privata;In marcia / fermata / arresto;Conducente;F;Rimandato;0;NON DECEDUTO;Non accertato;Inesploso
2035246;20;06/04/2014 15:10;Strada Urbana;VIA DI BACCANELLO;in prossimità;;del civico n.;113;;Fuoriuscita dalla sede stradale;Rettilineo;Una carreggiata a doppio senso;Asciutto;Asfaltata;Orizzontale;Sereno;Normale;Buona;Ore Diurne;3;1;0;0;12.36074;42.06249;-1;1;Autovettura privata;In marcia / fermata / arresto;Passeggero;F;Prognosi riservata;0;NON DECEDUTO;;
2035246;20;06/04/2014 15:10;Strada Urbana;VIA DI BACCANELLO;in prossimità;;del civico n.;113;;Fuoriuscita dalla sede stradale;Rettilineo;Una carreggiata a doppio senso;Asciutto;Asfaltata;Orizzontale;Sereno;Normale;Buona;Ore Diurne;3;1;0;0;12.36074;42.06249;-1;1;Autovettura privata;In marcia / fermata / arresto;Passeggero;M;Rimandato;0;NON DECEDUTO;;
2035246;20;06/04/2014 15:10;Strada Urbana;VIA DI BACCANELLO;in prossimità;;del civico n.;113;;Fuoriuscita dalla sede stradale;Rettilineo;Una carreggiata a doppio senso;Asciutto;Asfaltata;Orizzontale;Sereno;Normale;Buona;Ore Diurne;3;1;0;0;12.36074;42.06249;-1;1;Autovettura privata;In marcia / fermata / arresto;Passeggero;M;Rimandato;0;NON DECEDUTO;;
2035250;6;06/04/2014 19:05;Statale entro l'abitato;VIA CASILINA;in prossimità;;del civico n.;346;;Scontro laterale fra veicoli in marcia;Rettilineo;Due carreggiate;Asciutto;Asfaltata;Orizzontale;Sereno;Normale;Buona;Ore Diurne;0;0;0;2;12.53996;41.88091;-1;1;Autovettura privata;In marcia / fermata / arresto;Conducente;M;Illeso;0;;Non accertato;Inesploso
2035250;6;06/04/2014 19:05;Statale entro l'abitato;VIA CASILINA;in prossimità;;del civico n.;346;;Scontro laterale fra veicoli in marcia;Rettilineo;Due carreggiate;Asciutto;Asfaltata;Orizzontale;Sereno;Normale;Buona;Ore Diurne;0;0;0;2;12.53996;41.88091;-1;2;Autovettura privata;In marcia / fermata / arresto;Conducente;M;Illeso;0;;Non accertato;Inesploso
2035261;7;06/04/2014 09:10;Strada Urbana;VIA PRENESTINA;all'intersezione con;VIA DI TOR SAPIENZA;VIA DI TOR SAPIENZA;;;Scontro laterale fra veicoli in marcia;Incrocio;Una carreggiata a doppio senso;Asciutto;Asfaltata;Verticale ed orizzontale;Sereno;Normale;Buona;Ore Diurne;0;0;0;2;12.5922;41.89412;-1;1;Autovettura privata;In marcia / fermata / arresto;Conducente;F;Illeso;0;;Non accertato;Inesploso
2035261;7;06/04/2014 09:10;Strada Urbana;VIA PRENESTINA;all'intersezione con;VIA DI TOR SAPIENZA;VIA DI TOR SAPIENZA;;;Scontro laterale fra veicoli in marcia;Incrocio;Una carreggiata a doppio senso;Asciutto;Asfaltata;Verticale ed orizzontale;Sereno;Normale;Buona;Ore Diurne;0;0;0;2;12.5922;41.89412;-1;2;Ciclomotore;In marcia / fermata / arresto;Conducente;M;Illeso;0;;Non accertato;
2035262;6;06/04/2014 21:15;Strada Urbana;VIA CALTANISSETTA;in corrispondenza;;del civico n.;3;;Veicolo in marcia contro veicolo in sosta;Strettoia;Una carreggiata a senso unico di marcia;Asciutto;Asfaltata;Verticale;Sereno;Scarso;Sufficiente;Insufficiente;0;0;0;1;12.52626;41.88793;-1;1;Autovettura privata;In marcia / fermata / arresto;Conducente;F;Illeso;0;;Non accertato;Inesploso
2035264;18;04/04/2014 23:20;Strada Urbana;VIA MATTIA BATTISTINI;da specificare;;;;fronte via Di Luca;Ribaltamento senza urto contro ostacolo fisso;Rettilineo;Una carreggiata a doppio senso;Bagnato (pioggia);Asfaltata;Orizzontale;Nuvoloso;Normale;Buona;Ore Diurne;1;0;0;0;12.41328;41.90616;-1;1;Ciclomotore;In marcia / fermata / arresto;Conducente;M;Rimandato;0;NON DECEDUTO;Non accertato;
2035272;1;06/04/2014 13:30;Strada Urbana;VIA DANDOLO;da specificare;;;;Fronte civico n.74;Veicolo in marcia contro veicoli in sosta;Rettilineo;Una carreggiata a doppio senso;Asciutto;Asfaltata;Verticale ed orizzontale;Sereno;Normale;Buona;Ore Diurne;0;0;0;1;12.46593;41.88618;-1;1;Autovettura privata;In marcia / fermata / arresto;Conducente;M;Illeso;0;;Non accertato;Inesploso