Protocollo;Gruppo;DataOraIncidente;Localizzazione1;STRADA1;Localizzazione2;STRADA2;Strada02;Chilometrica;DaSpecificare;NaturaIncidente;particolaritastrade;TipoStrada;FondoStradale;Pavimentazione;Segnaletica;CondizioneAtmosferica;Traffico;Visibilita;Illuminazione;NUM_FERITI;NUM_RISERVATA;NUM_MORTI;NUM_ILLESI;Longitudine;Latitudine;Confermato;Progressivo;TipoVeicolo;StatoVeicolo;TipoPersona;Sesso;Tipolesione;Deceduto;DecedutoDopo;CinturaCascoUtilizzato;Airbag
2036184;1;07/04/2014 09:55;Strada Urbana;PIAZZA PASQUALE PAOLI;all'intersezione semaforizzata con;LUNGOTEVERE DEGLI ALTOVITI;LUNGOTEVERE DEGLI ALTOVITI;;;Scontro laterale fra veicoli in marcia;Intersezione semaforizzata;Una carreggiata a senso unico di marcia;Asciutto;Asfaltata;Verticale ed orizzontale;Sereno;Normale;Buona;Ore Diurne;1;0;0;2;12.46496;41.90077;-1;1;Autovettura privata;In marcia / fermata / arresto;Passeggero;M;Illeso;0;;Non accertato;
2036184;1;07/04/2014 09:55;Strada Urbana;PIAZZA PASQUALE PAOLI;all'intersezione semaforizzata con;LUNGOTEVERE DEGLI ALTOVITI;LUNGOTEVERE DEGLI ALTOVITI;;;Scontro laterale fra veicoli in marcia;Intersezione semaforizzata;Una carreggiata a senso unico di marcia;Asciutto;Asfaltata;Verticale ed orizzontale;Sereno;Normale;Buona;Ore Diurne;1;0;0;2;12.46496;41.90077;-1;2;Motociclo a solo;In marcia / fermata / arresto;Conducente;M;Rimandato;0;NON DECEDUTO;Non accertato;
2036198;1;06/04/2014 04:30;Strada Urbana;VIA DELL'AMBA ARADAM;in prossimità;;del civico n.;8;;Infortunio per sola frenata improvvisa;Rettilineo;Una carreggiata a doppio senso;Asciutto;Asfaltata;Verticale ed orizzontale;Sereno;Scarso;Buona;Sufficiente;1;0;0;0;12.50333;41.88593;-1;1;Motociclo a solo;In marcia / fermata / arresto;Conducente;M;Rimandato;0;NON DECEDUTO;;
2036219;7;07/04/2014 15:30;Strada Urbana;VIALE PALMIRO TOGLIATTI;in corrispondenza;;del palo luce n.;363;;Tamponamento Multiplo;Rettilineo;Due carreggiate;Asciutto;Asfaltata;Verticale ed orizzontale;Sereno;Normale;Buona;Ore Diurne;2;0;0;2;12.57432;41.89966;-1;1;Autovettura privata;In marcia / fermata / arresto;Conducente;M;Illeso;0;;Non accertato;Esploso
2036219;7;07/04/2014 15:30;Strada Urbana;VIALE PALMIRO TOGLIATTI;in corrispondenza;;del palo luce n.;363;;Tamponamento Multiplo;Rettilineo;Due carreggiate;Asciutto;Asfaltata;Verticale ed orizzontale;Sereno;Normale;Buona;Ore Diurne;2;0;0;2;12.57432;41.89966;-1;2;Autovettura privata;In marcia / fermata / arresto;Conducente;F;Rimandato;0;NON DECEDUTO;Non accertato;Inesploso
2036219;7;07/04/2014 15:30;Strada Urbana;VIALE PALMIRO TOGLIATTI;in corrispondenza;;del palo luce n.;363;;Tamponamento Multiplo;Rettilineo;Due carreggiate;Asciutto;Asfaltata;Verticale ed orizzontale;Sereno;Normale;Buona;Ore Diurne;2;0;0;2;12.57432;41.89966;-1;3;Autovettura privata;In marcia / fermata / arresto;Conducente;F;Rimandato;0;NON DECEDUTO;Non accertato;Inesploso
2036219;7;07/04/2014 15:30;Strada Urbana;VIALE PALMIRO TOGLIATTI;in corrispondenza;;del palo luce n.;363;;Tamponamento Multiplo;Rettilineo;Due carreggiate;Asciutto;Asfaltata;Verticale ed orizzontale;Sereno;Normale;Buona;Ore Diurne;2;0;0;2;12.57432;41.89966;-1;4;Autovettura pubblica;In marcia / fermata / arresto;Conducente;M;Illeso;0;;Non accertato;Inesploso
2036241;2;08/04/2014 06:45;Strada Urbana;VIA NEMORENSE;in prossimità;;del civico n.;6b;;Veicolo in marcia contro veicoli in sosta;Rettilineo;Una carreggiata a doppio senso;Asciutto;Asfaltata;Verticale ed orizzontale;Sereno;Normale;Buona;Ore Diurne;0;0;1;0;12.50754;41.92388;-1;1;Autovettura privata;In marcia / fermata / arresto;Conducente;M;Deceduto durante prime cure;-1;;Non accertato;Inesploso
2036254;7;07/04/2014 16:40;Strada Urbana;VIALE PALMIRO TOGLIATTI;in corrispondenza;;del civico n.;669;;Scontro laterale fra veicoli in marcia;Rettilineo;Due carreggiate;Asciutto;Asfaltata;Verticale ed orizzontale;Sereno;Normale;Buona;Ore Diurne;0;0;0;2;12.57279;41.87986;-1;1;Autovettura privata;In marcia / fermata / arresto;Conducente;F;Illeso;0;;Non accertato;Inesploso
2036254;7;07/04/2014 16:40;Strada Urbana;VIALE PALMIRO TOGLIATTI;in corrispondenza;;del civico n.;669;;Scontro laterale fra veicoli in marcia;Rettilineo;Due carreggiate;Asciutto;Asfaltata;Verticale ed orizzontale;Sereno;Normale;Buona;Ore Diurne;0;0;0;2;12.57279;41.87986;-1;2;Autovettura privata;In marcia / fermata / arresto;Conducente;F;Illeso;0;;Non accertato;Inesploso
2036258;13;08/04/2014 08:10;Strada Urbana;PIAZZA REGINA PACIS;all'intersezione con;VIA VINCENZO VANNUTELLI;VIA VINCENZO VANNUTELLI;;;Investimento di pedone;Incrocio;Una carreggiata a doppio senso;Asciutto;Asfaltata;Verticale ed orizzontale;Sole radente;Normale;Buona;Ore Diurne;1;0;0;1;12.28132;41.73168;-1;;;;Pedone;F;Rimandato;0;NON DECEDUTO;;
2036258;13;08/04/2014 08:10;Strada Urbana;PIAZZA REGINA PACIS;all'intersezione con;VIA VINCENZO VANNUTELLI;VIA VINCENZO VANNUTELLI;;;Investimento di pedone;Incrocio;Una carreggiata a doppio senso;Asciutto;Asfaltata;Verticale ed orizzontale;Sole radente;Normale;Buona;Ore Diurne;1;0;0;1;12.28132;41.73168;-1;1;Autovettura privata;In marcia / fermata / arresto;Conducente;F;Illeso;0;;Non accertato;Inesploso
2036259;13;08/04/2014 09:40;Strada Urbana;VIA DELLE MOLUCCHE;all'intersezione con;VIA ISOLE SALOMONE;VIA ISOLE SALOMONE;;;Scontro frontale/laterale SX fra veicoli in marcia;Incrocio;Una carreggiata a doppio senso;Asciutto;Asfaltata;Verticale ed orizzontale;Sereno;Normale;Buona;Ore Diurne;0;0;0;4;12.27645;41.74016;-1;1;Autovettura privata;In marcia / fermata / arresto;Conducente;M;Illeso;0;;Non accertato;Inesploso
2036259;13;08/04/2014 09:40;Strada Urbana;VIA DELLE MOLUCCHE;all'intersezione con;VIA ISOLE SALOMONE;VIA ISOLE SALOMONE;;;Scontro frontale/laterale SX fra veicoli in marcia;Incrocio;Una carreggiata a doppio senso;Asciutto;Asfaltata;Verticale ed orizzontale;Sereno;Normale;Buona;Ore Diurne;0;0;0;4;12.27645;41.74016;-1;1;Autovettura privata;In marcia / fermata / arresto;Passeggero;F;Illeso;0;;Non accertato;Inesploso
2036259;13;08/04/2014 09:40;Strada Urbana;VIA DELLE MOLUCCHE;all'intersezione con;VIA ISOLE SALOMONE;VIA ISOLE SALOMONE;;;Scontro frontale/laterale SX fra veicoli in marcia;Incrocio;Una carreggiata a doppio senso;Asciutto;Asfaltata;Verticale ed orizzontale;Sereno;Normale;Buona;Ore Diurne;0;0;0;4;12.27645;41.74016;-1;2;Autocarro inferiore 35 q.;In marcia / fermata / arresto;Conducente;M;Illeso;0;;Non accertato;Inesploso
2036259;13;08/04/2014 09:40;Strada Urbana;VIA DELLE MOLUCCHE;all'intersezione con;VIA ISOLE SALOMONE;VIA ISOLE SALOMONE;;;Scontro frontale/laterale SX fra veicoli in marcia;Incrocio;Una carreggiata a doppio senso;Asciutto;Asfaltata;Verticale ed orizzontale;Sereno;Normale;Buona;Ore Diurne;0;0;0;4;12.27645;41.74016;-1;2;Autocarro inferiore 35 q.;In marcia / fermata / arresto;Passeggero;M;Illeso;0;;Non accertato;Inesploso
2036265;1;07/04/2014 15:35;Strada Urbana;VIA DEL FORO OLITORIO;da specificare;;;;altezza Via Petroselli;Tamponamento Multiplo;Rettilineo;Una carreggiata a doppio senso;Asciutto;In cubetti di porfido;Verticale ed orizzontale;Sereno;Normale;Buona;Ore Diurne;2;0;0;2;12.47977;41.89075;-1;1;Autovettura privata;In marcia / fermata / arresto;Conducente;F;Rimandato;0;NON DECEDUTO;Non accertato;
2036265;1;07/04/2014 15:35;Strada Urbana;VIA DEL FORO OLITORIO;da specificare;;;;altezza Via Petroselli;Tamponamento Multiplo;Rettilineo;Una carreggiata a doppio senso;Asciutto;In cubetti di porfido;Verticale ed orizzontale;Sereno;Normale;Buona;Ore Diurne;2;0;0;2;12.47977;41.89075;-1;1;Autovettura privata;In marcia / fermata / arresto;Passeggero;F;Rimandato;0;NON DECEDUTO;Non accertato;
2036265;1;07/04/2014 15:35;Strada Urbana;VIA DEL FORO OLITORIO;da specificare;;;;altezza Via Petroselli;Tamponamento Multiplo;Rettilineo;Una carreggiata a doppio senso;Asciutto;In cubetti di porfido;Verticale ed orizzontale;Sereno;Normale;Buona;Ore Diurne;2;0;0;2;12.47977;41.89075;-1;2;Autovettura privata;In marcia / fermata / arresto;Conducente;F;Illeso;0;;Non accertato;
2036265;1;07/04/2014 15:35;Strada Urbana;VIA DEL FORO OLITORIO;da specificare;;;;altezza Via Petroselli;Tamponamento Multiplo;Rettilineo;Una carreggiata a doppio senso;Asciutto;In cubetti di porfido;Verticale ed orizzontale;Sereno;Normale;Buona;Ore Diurne;2;0;0;2;12.47977;41.89075;-1;3;Autovettura privata;In marcia / fermata / arresto;Conducente;M;Illeso;0;;Non accertato;
2036284;1;03/04/2014 18:15;Strada Urbana;LUNGOTEVERE IN AUGUSTA;all'intersezione con;PASSEGGIATA DI RIPETTA;PASSEGGIATA DI RIPETTA;;;Scontro laterale fra veicoli in marcia;Incrocio;Una carreggiata a senso unico di marcia;Asciutto;Asfaltata;Verticale ed orizzontale;Sereno;Normale;Buona;Ore Diurne;1;0;0;1;12.47474;41.90766;-1;1;Motociclo a solo;In marcia / fermata / arresto;Conducente;F;Rifiuta cure immediate;0;NON DECEDUTO;Non accertato;
2036284;1;03/04/2014 18:15;Strada Urbana;LUNGOTEVERE IN AUGUSTA;all'intersezione con;PASSEGGIATA DI RIPETTA;PASSEGGIATA DI RIPETTA;;;Scontro laterale fra veicoli in marcia;Incrocio;Una carreggiata a senso unico di marcia;Asciutto;Asfaltata;Verticale ed orizzontale;Sereno;Normale;Buona;Ore Diurne;1;0;0;1;12.47474;41.90766;-1;2;Autovettura privata;In marcia / fermata / arresto;Conducente;M;Illeso;0;;Non accertato;Inesploso
2036291;23;07/04/2014 20:00;Comunale extraurbana;VIA CRISTOFORO COLOMBO;all'intersezione con;VIA ERMANNO WOLF FERRARI;VIA ERMANNO WOLF FERRARI;;;Scontro laterale fra veicoli in marcia;Intersezione semaforizzata;Più di due carreggiate;Asciutto;Asfaltata;Verticale ed orizzontale;Sereno;Normale;Buona;Sufficiente;2;0;0;3;12.42252;41.8056;-1;1;Autovettura privata;In marcia / fermata / arresto;Conducente;M;Illeso;0;;Non accertato;Inesploso
2036291;23;07/04/2014 20:00;Comunale extraurbana;VIA CRISTOFORO COLOMBO;all'intersezione con;VIA ERMANNO WOLF FERRARI;VIA ERMANNO WOLF FERRARI;;;Scontro laterale fra veicoli in marcia;Intersezione semaforizzata;Più di due carreggiate;Asciutto;Asfaltata;Verticale ed orizzontale;Sereno;Normale;Buona;Sufficiente;2;0;0;3;12.42252;41.8056;-1;2;Autovettura privata;In marcia / fermata / arresto;Conducente;M;Rimandato;0;NON DECEDUTO;;
2036291;23;07/04/2014 20:00;Comunale extraurbana;VIA CRISTOFORO COLOMBO;all'intersezione con;VIA ERMANNO WOLF FERRARI;VIA ERMANNO WOLF FERRARI;;;Scontro laterale fra veicoli in marcia;Intersezione semaforizzata;Più di due carreggiate;Asciutto;Asfaltata;Verticale ed orizzontale;Sereno;Normale;Buona;Sufficiente;2;0;0;3;12.42252;41.8056;-1;2;Autovettura privata;In marcia / fermata / arresto;Passeggero;F;Illeso;0;;Non accertato;Inesploso
2036291;23;07/04/2014 20:00;Comunale extraurbana;VIA CRISTOFORO COLOMBO;all'intersezione con;VIA ERMANNO WOLF FERRARI;VIA ERMANNO WOLF FERRARI;;;Scontro laterale fra veicoli in marcia;Intersezione semaforizzata;Più di due carreggiate;Asciutto;Asfaltata;Verticale ed orizzontale;Sereno;Normale;Buona;Sufficiente;2;0;0;3;12.42252;41.8056;-1;2;Autovettura privata;In marcia / fermata / arresto;Passeggero;M;Illeso;0;;Non accertato;Inesploso
2036291;23;07/04/2014 20:00;Comunale extraurbana;VIA CRISTOFORO COLOMBO;all'intersezione con;VIA ERMANNO WOLF FERRARI;VIA ERMANNO WOLF FERRARI;;;Scontro laterale fra veicoli in marcia;Intersezione semaforizzata;Più di due carreggiate;Asciutto;Asfaltata;Verticale ed orizzontale;Sereno;Normale;Buona;Sufficiente;2;0;0;3;12.42252;41.8056;-1;2;Autovettura privata;In marcia / fermata / arresto;Passeggero;M;Rimandato;0;NON DECEDUTO;Non accertato;Inesploso
2036293;1;07/04/2014 22:30;Strada Urbana;VIA SEBASTIANO GRANDIS;da specificare;;;;subito dopo intersez Via S. Croce in Gerusalemme;Veicolo in marcia contro veicoli in sosta;Rettilineo;Una carreggiata a senso unico di marcia;Asciutto;Asfaltata;Verticale ed orizzontale;Sereno;Scarso;Buona;Sufficiente;0;0;0;2;12.5141;41.88914;-1;1;Autovettura privata;In marcia / fermata / arresto;Conducente;F;Illeso;0;;Non accertato;
2036293;1;07/04/2014 22:30;Strada Urbana;VIA SEBASTIANO GRANDIS;da specificare;;;;subito dopo intersez Via S. Croce in Gerusalemme;Veicolo in marcia contro veicoli in sosta;Rettilineo;Una carreggiata a senso unico di marcia;Asciutto;Asfaltata;Verticale ed orizzontale;Sereno;Scarso;Buona;Sufficiente;0;0;0;2;12.5141;41.88914;-1;1;Autovettura privata;In marcia / fermata / arresto;Passeggero;F;Illeso;0;;Non accertato;
2036326;1;04/04/2014 12:40;Strada Urbana;VIA PRINCIPE EUGENIO;in prossimità;;del civico n.;32;;Investimento di pedone;Rettilineo;Più di due carreggiate;Bagnato (pioggia);Asfaltata;Verticale ed orizzontale;Nuvoloso;Normale;Buona;Ore Diurne;0;0;0;2;12.50703;41.89413;-1;;;;Pedone;M;Illeso;0;;;
2036326;1;04/04/2014 12:40;Strada Urbana;VIA PRINCIPE EUGENIO;in prossimità;;del civico n.;32;;Investimento di pedone;Rettilineo;Più di due carreggiate;Bagnato (pioggia);Asfaltata;Verticale ed orizzontale;Nuvoloso;Normale;Buona;Ore Diurne;0;0;0;2;12.50703;41.89413;-1;1;Motociclo a solo;In marcia / fermata / arresto;Conducente;M;Illeso;0;;Non accertato;
2036332;7;08/04/2014 03:00;Strada Urbana;VIA DELL' OSTERIA DEL FINOCCHIO;in prossimità;;del civico n.;132;;Scontro frontale fra veicoli in marcia;Rettilineo;Una carreggiata a doppio senso;Asciutto;Asfaltata;Assente;Sereno;Scarso;Sufficiente;Sufficiente;1;0;0;1;12.67833;41.85661;-1;1;Autovettura privata;In marcia / fermata / arresto;Conducente;M;Rimandato;0;NON DECEDUTO;Non accertato;Inesploso
2036332;7;08/04/2014 03:00;Strada Urbana;VIA DELL' OSTERIA DEL FINOCCHIO;in prossimità;;del civico n.;132;;Scontro frontale fra veicoli in marcia;Rettilineo;Una carreggiata a doppio senso;Asciutto;Asfaltata;Assente;Sereno;Scarso;Sufficiente;Sufficiente;1;0;0;1;12.67833;41.85661;-1;2;Autovettura privata;In marcia / fermata / arresto;Conducente;M;Illeso;0;;Non accertato;Inesploso
2036335;1;05/04/2014 15:30;Strada Urbana;PIAZZA DI S. GIOVANNI IN LATERANO;in prossimità;;del civico n.;54;;Scontro laterale fra veicoli in marcia;Rettilineo;Una carreggiata a doppio senso;Asciutto;Asfaltata;Verticale ed orizzontale;Sereno;Normale;Buona;Ore Diurne;0;0;0;3;12.50546;41.88728;-1;1;Autovettura privata;In marcia / fermata / arresto;Conducente;M;Illeso;0;;Non accertato;
2036335;1;05/04/2014 15:30;Strada Urbana;PIAZZA DI S. GIOVANNI IN LATERANO;in prossimità;;del civico n.;54;;Scontro laterale fra veicoli in marcia;Rettilineo;Una carreggiata a doppio senso;Asciutto;Asfaltata;Verticale ed orizzontale;Sereno;Normale;Buona;Ore Diurne;0;0;0;3;12.50546;41.88728;-1;2;Autovettura privata;In marcia / fermata / arresto;Conducente;F;Illeso;0;;Non accertato;
2036335;1;05/04/2014 15:30;Strada Urbana;PIAZZA DI S. GIOVANNI IN LATERANO;in prossimità;;del civico n.;54;;Scontro laterale fra veicoli in marcia;Rettilineo;Una carreggiata a doppio senso;Asciutto;Asfaltata;Verticale ed orizzontale;Sereno;Normale;Buona;Ore Diurne;0;0;0;3;12.50546;41.88728;-1;2;Autovettura privata;In marcia / fermata / arresto;Passeggero;M;Illeso;0;;Non accertato;
2036340;1;05/04/2014 10:20;Strada Urbana;VIA GIOBERTI;in prossimità;;del civico n.;67;;Scontro laterale fra veicoli in marcia;Rettilineo;Una carreggiata a senso unico di marcia;Asciutto;Asfaltata;Verticale ed orizzontale;Sereno;Normale;Buona;Ore Diurne;0;0;0;3;12.5000907;41.8983882;-1;1;Autovettura privata;In marcia / fermata / arresto;Conducente;M;Illeso;0;;Non accertato;Inesploso
2036340;1;05/04/2014 10:20;Strada Urbana;VIA GIOBERTI;in prossimità;;del civico n.;67;;Scontro laterale fra veicoli in marcia;Rettilineo;Una carreggiata a senso unico di marcia;Asciutto;Asfaltata;Verticale ed orizzontale;Sereno;Normale;Buona;Ore Diurne;0;0;0;3;12.5000907;41.8983882;-1;1;Autovettura privata;In marcia / fermata / arresto;Passeggero;F;Illeso;0;;Non accertato;Inesploso
2036340;1;05/04/2014 10:20;Strada Urbana;VIA GIOBERTI;in prossimità;;del civico n.;67;;Scontro laterale fra veicoli in marcia;Rettilineo;Una carreggiata a senso unico di marcia;Asciutto;Asfaltata;Verticale ed orizzontale;Sereno;Normale;Buona;Ore Diurne;0;0;0;3;12.5000907;41.8983882;-1;2;Autovettura privata;In marcia / fermata / arresto;Conducente;F;Illeso;0;;Non accertato;Inesploso
2036366;6;08/04/2014 08:10;Strada Urbana;VIA CASILINA;in corrispondenza;;del civico n.;392;;Veicolo in marcia contro veicolo in sosta;Rettilineo;Due carreggiate;Asciutto;Asfaltata;Verticale;Sereno;Intenso;Buona;Ore Diurne;0;0;0;1;12.54182;41.88027;-1;2;Autovettura privata;In marcia / fermata / arresto;Conducente;F;Illeso;0;;Non accertato;
2036383;18;07/04/2014 17:15;Strada Urbana;CIRCONVALLAZIONE AURELIA;all'intersezione semaforizzata con;PIAZZA S. GIOVANNI BATTISTA DE LA SALLE;PIAZZA S. GIOVANNI BATTISTA DE LA SALLE;;;Tamponamento;Intersezione semaforizzata;Più di due carreggiate;Asciutto;Asfaltata;Verticale ed orizzontale;Sereno;Intenso;Buona;Ore Diurne;0;0;0;2;12.42754;41.89857;-1;1;Autovettura privata;In marcia / fermata / arresto;Conducente;M;Illeso;0;;Non accertato;Inesploso
2036383;18;07/04/2014 17:15;Strada Urbana;CIRCONVALLAZIONE AURELIA;all'intersezione semaforizzata con;PIAZZA S. GIOVANNI BATTISTA DE LA SALLE;PIAZZA S. GIOVANNI BATTISTA DE LA SALLE;;;Tamponamento;Intersezione semaforizzata;Più di due carreggiate;Asciutto;Asfaltata;Verticale ed orizzontale;Sereno;Intenso;Buona;Ore Diurne;0;0;0;2;12.42754;41.89857;-1;2;Motociclo a solo;In marcia / fermata / arresto;Conducente;M;Illeso;0;;;
2036403;18;08/04/2014 09:20;Statale;VIA AURELIA;in prossimità;;della chilometrica;11.4;;Tamponamento;Curva senza visuale libera;Due carreggiate;Asciutto;Asfaltata;Verticale ed orizzontale;Sereno;Normale;Buona;Ore Diurne;1;0;0;2;12.37308;41.88672;-1;1;Autocarro inferiore 35 q.;In marcia / fermata / arresto;Conducente;F;Rimandato;0;NON DECEDUTO;Non accertato;Inesistente
2036403;18;08/04/2014 09:20;Statale;VIA AURELIA;in prossimità;;della chilometrica;11.4;;Tamponamento;Curva senza visuale libera;Due carreggiate;Asciutto;Asfaltata;Verticale ed orizzontale;Sereno;Normale;Buona;Ore Diurne;1;0;0;2;12.37308;41.88672;-1;1;Autocarro inferiore 35 q.;In marcia / fermata / arresto;Passeggero;F;Illeso;0;;Non accertato;Inesistente
2036403;18;08/04/2014 09:20;Statale;VIA AURELIA;in prossimità;;della chilometrica;11.4;;Tamponamento;Curva senza visuale libera;Due carreggiate;Asciutto;Asfaltata;Verticale ed orizzontale;Sereno;Normale;Buona;Ore Diurne;1;0;0;2;12.37308;41.88672;-1;2;Autotreno;In marcia / fermata / arresto;Conducente;M;Illeso;0;;Non accertato;Inesistente
2036468;10;08/04/2014 14:40;Statale entro l'abitato;VIA ANAGNINA;in prossimità;;del palo luce n.;133;;Investimento di pedone;Rettilineo;Due carreggiate;Asciutto;Asfaltata;Verticale ed orizzontale;Sereno;Scarso;Buona;Ore Diurne;1;0;1;0;12.59848;41.82956;-1;;;;Pedone;F;Ricoverato;0;NON DECEDUTO;;
2036468;10;08/04/2014 14:40;Statale entro l'abitato;VIA ANAGNINA;in prossimità;;del palo luce n.;133;;Investimento di pedone;Rettilineo;Due carreggiate;Asciutto;Asfaltata;Verticale ed orizzontale;Sereno;Scarso;Buona;Ore Diurne;1;0;1;0;12.59848;41.82956;-1;1;Motociclo a solo;In marcia / fermata / arresto;Conducente;M;Deceduto durante trasporto;-1;;Non accertato;
2036500;18;08/04/2014 11:20;Strada Urbana;VIA DEL FORTE BRASCHI;all'intersezione semaforizzata con;VIA DELLA PINETA SACCHETTI;VIA DELLA PINETA SACCHETTI;;;Scontro laterale fra veicoli in marcia;Intersezione semaforizzata;Due carreggiate;Asciutto;Asfaltata;Verticale ed orizzontale;Sereno;Normale;Buona;Ore Diurne;1;0;0;1;12.42257;41.91607;-1;1;Motociclo a solo;In marcia / fermata / arresto;Conducente;F;Rimandato;0;NON DECEDUTO;Non accertato;
2036500;18;08/04/2014 11:20;Strada Urbana;VIA DEL FORTE BRASCHI;all'intersezione semaforizzata con;VIA DELLA PINETA SACCHETTI;VIA DELLA PINETA SACCHETTI;;;Scontro laterale fra veicoli in marcia;Intersezione semaforizzata;Due carreggiate;Asciutto;Asfaltata;Verticale ed orizzontale;Sereno;Normale;Buona;Ore Diurne;1;0;0;1;12.42257;41.91607;-1;2;Autovettura privata;In marcia / fermata / arresto;Conducente;M;Illeso;0;;Non accertato;Inesploso
2036513;2;08/04/2014 13:00;Strada Urbana;SOTTOVIA IGNAZIO GUIDI;da specificare;;;;dIR. CASTRO PRETORIO PR SVINCOLO NOMENATANA;Veicolo in marcia contro ostacolo accidentale;Sottopasso illuminato;Due carreggiate;Asciutto;Con buche;Orizzontale;Sereno;Normale;Buona;Ore Diurne;0;0;0;1;12.48252;41.89292;-1;1;Motociclo a solo;In marcia / fermata / arresto;Conducente;F;Illeso;0;;Non accertato;
2036531;18;08/04/2014 11:30;Strada Urbana;VIA DI BOCCEA;da specificare;;;;altezza via Apricale;Ribaltamento senza urto contro ostacolo fisso;Rettilineo;Due carreggiate;Asciutto;Asfaltata;Verticale ed orizzontale;Sereno;Normale;Buona;Ore Diurne;1;0;0;2;12.40447;41.90876;-1;1;Motociclo a solo;In marcia / fermata / arresto;Conducente;M;Ricoverato;0;NON DECEDUTO;;
2036531;18;08/04/2014 11:30;Strada Urbana;VIA DI BOCCEA;da specificare;;;;altezza via Apricale;Ribaltamento senza urto contro ostacolo fisso;Rettilineo;Due carreggiate;Asciutto;Asfaltata;Verticale ed orizzontale;Sereno;Normale;Buona;Ore Diurne;1;0;0;2;12.40447;41.90876;-1;2;Autovettura di polizia;In marcia / fermata / arresto;Conducente;M;Illeso;0;;;
2036531;18;08/04/2014 11:30;Strada Urbana;VIA DI BOCCEA;da specificare;;;;altezza via Apricale;Ribaltamento senza urto contro ostacolo fisso;Rettilineo;Due carreggiate;Asciutto;Asfaltata;Verticale ed orizzontale;Sereno;Normale;Buona;Ore Diurne;1;0;0;2;12.40447;41.90876;-1;2;Autovettura di polizia;In marcia / fermata / arresto;Passeggero;M;Illeso;0;;Esente;Inesploso
2036532;12;07/04/2014 13:00;Strada Urbana;VIA ELIO CHIANESI;in corrispondenza;;del civico n.;45-47;;Scontro frontale/laterale SX fra veicoli in marcia;Rettilineo;Una carreggiata a doppio senso;Asciutto;Asfaltata;Verticale ed orizzontale;Sereno;Scarso;Buona;Ore Diurne;0;0;0;3;12.44826;41.80292;-1;1;Autovettura privata;In marcia / fermata / arresto;Conducente;M;Illeso;0;;Non accertato;Inesploso
2036532;12;07/04/2014 13:00;Strada Urbana;VIA ELIO CHIANESI;in corrispondenza;;del civico n.;45-47;;Scontro frontale/laterale SX fra veicoli in marcia;Rettilineo;Una carreggiata a doppio senso;Asciutto;Asfaltata;Verticale ed orizzontale;Sereno;Scarso;Buona;Ore Diurne;0;0;0;3;12.44826;41.80292;-1;1;Autovettura privata;In marcia / fermata / arresto;Passeggero;F;Illeso;0;;Non accertato;Inesploso
2036532;12;07/04/2014 13:00;Strada Urbana;VIA ELIO CHIANESI;in corrispondenza;;del civico n.;45-47;;Scontro frontale/laterale SX fra veicoli in marcia;Rettilineo;Una carreggiata a doppio senso;Asciutto;Asfaltata;Verticale ed orizzontale;Sereno;Scarso;Buona;Ore Diurne;0;0;0;3;12.44826;41.80292;-1;2;Autovettura privata;In marcia / fermata / arresto;Conducente;M;Illeso;0;;Non accertato;Inesploso
2036548;11;08/04/2014 16:10;Strada Urbana;VIALE FERDINANDO BALDELLI;in prossimità;;del palo luce n.;5;;Tamponamento;Rettilineo;Due carreggiate;Asciutto;Asfaltata;Verticale ed orizzontale;Sereno;Normale;Buona;Ore Diurne;0;0;0;2;12.47588;41.85687;-1;1;Autovettura privata;In marcia / fermata / arresto;Conducente;F;Illeso;0;;Non accertato;Inesploso
2036548;11;08/04/2014 16:10;Strada Urbana;VIALE FERDINANDO BALDELLI;in prossimità;;del palo luce n.;5;;Tamponamento;Rettilineo;Due carreggiate;Asciutto;Asfaltata;Verticale ed orizzontale;Sereno;Normale;Buona;Ore Diurne;0;0;0;2;12.47588;41.85687;-1;2;Autovettura privata;In marcia / fermata / arresto;Conducente;M;Illeso;0;;Non accertato;Inesploso
2036564;15;08/04/2014 07:40;Strada Urbana;VIA PORTUENSE;all'intersezione semaforizzata con;VIA DEL TRULLO;VIA DEL TRULLO;;;Veicolo in marcia contro ostacolo accidentale;Intersezione semaforizzata;Due carreggiate;Asciutto;Asfaltata;Verticale ed orizzontale;Sereno;Intenso;Buona;Ore Diurne;1;0;0;0;12.43504;41.85213;-1;1;Motociclo a solo;In marcia / fermata / arresto;Conducente;M;Rimandato;0;NON DECEDUTO;Utilizzato;
2036570;15;08/04/2014 15:00;Strada Urbana;VIA DI GENEROSA;in prossimità;;del civico n.;22;;Scontro laterale fra veicoli in marcia;Curva senza visuale libera;Una carreggiata a doppio senso;Asciutto;Asfaltata;Verticale ed orizzontale;Sereno;Normale;Buona;Ore Diurne;0;0;0;2;12.43038;41.83499;-1;1;Autovettura privata;In marcia / fermata / arresto;Conducente;M;Illeso;0;;Utilizzato;Inesploso
2036570;15;08/04/2014 15:00;Strada Urbana;VIA DI GENEROSA;in prossimità;;del civico n.;22;;Scontro laterale fra veicoli in marcia;Curva senza visuale libera;Una carreggiata a doppio senso;Asciutto;Asfaltata;Verticale ed orizzontale;Sereno;Normale;Buona;Ore Diurne;0;0;0;2;12.43038;41.83499;-1;2;Autovettura privata;In marcia / fermata / arresto;Conducente;M;Illeso;0;;Utilizzato;Inesploso