Protocollo;Gruppo;DataOraIncidente;Localizzazione1;STRADA1;Localizzazione2;STRADA2;Strada02;Chilometrica;DaSpecificare;NaturaIncidente;particolaritastrade;TipoStrada;FondoStradale;Pavimentazione;Segnaletica;CondizioneAtmosferica;Traffico;Visibilita;Illuminazione;NUM_FERITI;NUM_RISERVATA;NUM_MORTI;NUM_ILLESI;Longitudine;Latitudine;Confermato;Progressivo;TipoVeicolo;StatoVeicolo;TipoPersona;Sesso;Tipolesione;Deceduto;DecedutoDopo;CinturaCascoUtilizzato;Airbag
2039547;1;11/04/2014 08:00;Strada Urbana;LUNGOTEVERE TESTACCIO;all'intersezione con;VIA GUSTAVO BIANCHI;VIA GUSTAVO BIANCHI;;;Scontro frontale/laterale SX fra veicoli in marcia;Incrocio;Una carreggiata a doppio senso;Asciutto;Asfaltata;Verticale;Sereno;Normale;Buona;Ore Diurne;0;0;0;4;12.4736;41.88108;-1;2;Motociclo con passeggero;In marcia / fermata / arresto;Conducente;M;Illeso;0;;Non accertato;
2039547;1;11/04/2014 08:00;Strada Urbana;LUNGOTEVERE TESTACCIO;all'intersezione con;VIA GUSTAVO BIANCHI;VIA GUSTAVO BIANCHI;;;Scontro frontale/laterale SX fra veicoli in marcia;Incrocio;Una carreggiata a doppio senso;Asciutto;Asfaltata;Verticale;Sereno;Normale;Buona;Ore Diurne;0;0;0;4;12.4736;41.88108;-1;2;Motociclo con passeggero;In marcia / fermata / arresto;Passeggero;F;Illeso;0;;;
2039547;1;11/04/2014 08:00;Strada Urbana;LUNGOTEVERE TESTACCIO;all'intersezione con;VIA GUSTAVO BIANCHI;VIA GUSTAVO BIANCHI;;;Scontro frontale/laterale SX fra veicoli in marcia;Incrocio;Una carreggiata a doppio senso;Asciutto;Asfaltata;Verticale;Sereno;Normale;Buona;Ore Diurne;0;0;0;4;12.4736;41.88108;-1;3;Motociclo a solo;In marcia / fermata / arresto;Conducente;M;Illeso;0;;Non accertato;
2039548;19;11/04/2014 15:30;Strada Urbana;VIA TRIONFALE;in corrispondenza;;del civico n.;8741;;Scontro laterale fra veicoli in marcia;Rettilineo;Due carreggiate;Asciutto;Asfaltata;Verticale ed orizzontale;Sereno;Normale;Buona;Ore Diurne;0;0;0;3;12.42293;41.94085;-1;1;Autovettura di polizia;In marcia / fermata / arresto;Conducente;M;Illeso;0;;Non accertato;Inesploso
2039548;19;11/04/2014 15:30;Strada Urbana;VIA TRIONFALE;in corrispondenza;;del civico n.;8741;;Scontro laterale fra veicoli in marcia;Rettilineo;Due carreggiate;Asciutto;Asfaltata;Verticale ed orizzontale;Sereno;Normale;Buona;Ore Diurne;0;0;0;3;12.42293;41.94085;-1;1;Autovettura di polizia;In marcia / fermata / arresto;Passeggero;M;Illeso;0;;Non accertato;Inesploso
2039548;19;11/04/2014 15:30;Strada Urbana;VIA TRIONFALE;in corrispondenza;;del civico n.;8741;;Scontro laterale fra veicoli in marcia;Rettilineo;Due carreggiate;Asciutto;Asfaltata;Verticale ed orizzontale;Sereno;Normale;Buona;Ore Diurne;0;0;0;3;12.42293;41.94085;-1;2;Autovettura privata;In marcia / fermata / arresto;Conducente;M;Illeso;0;;Non accertato;Inesploso
2039550;23;10/04/2014 14:00;Strada Urbana;VIA GIROLAMO BENZONI;all'intersezione con;PIAZZALE 12 OTTOBRE 1492;PIAZZALE 12 OTTOBRE 1492;;;Scontro laterale fra veicoli in marcia;Intersezione stradale segnalata;Una carreggiata a doppio senso;Asciutto;Asfaltata;Verticale ed orizzontale;Sereno;Normale;Buona;Ore Diurne;0;0;0;2;12.48441;41.86961;-1;1;Motociclo a solo;In marcia / fermata / arresto;Conducente;M;Illeso;0;;Utilizzato;
2039550;23;10/04/2014 14:00;Strada Urbana;VIA GIROLAMO BENZONI;all'intersezione con;PIAZZALE 12 OTTOBRE 1492;PIAZZALE 12 OTTOBRE 1492;;;Scontro laterale fra veicoli in marcia;Intersezione stradale segnalata;Una carreggiata a doppio senso;Asciutto;Asfaltata;Verticale ed orizzontale;Sereno;Normale;Buona;Ore Diurne;0;0;0;2;12.48441;41.86961;-1;2;Autovettura privata;In marcia / fermata / arresto;Conducente;F;Illeso;0;;Utilizzato;Inesploso
2039560;19;11/04/2014 23:05;Strada Urbana;VIA DI TORREVECCHIA;in corrispondenza;;del civico n.;617;;Investimento di pedone;Rettilineo;Una carreggiata a doppio senso;Asciutto;Asfaltata;Verticale ed orizzontale;Sereno;Normale;Sufficiente;Sufficiente;1;0;0;1;12.41136;41.92228;-1;;;;Pedone;F;Rimandato;0;NON DECEDUTO;;
2039560;19;11/04/2014 23:05;Strada Urbana;VIA DI TORREVECCHIA;in corrispondenza;;del civico n.;617;;Investimento di pedone;Rettilineo;Una carreggiata a doppio senso;Asciutto;Asfaltata;Verticale ed orizzontale;Sereno;Normale;Sufficiente;Sufficiente;1;0;0;1;12.41136;41.92228;-1;1;Autobus di linea;In marcia / fermata / arresto;Conducente;M;Illeso;0;;Esente;Inesistente
2039563;23;11/04/2014 06:00;Comunale extraurbana;VIA CRISTOFORO COLOMBO;all'intersezione semaforizzata con;VIA ERMANNO WOLF FERRARI;VIA ERMANNO WOLF FERRARI;;;Scontro frontale/laterale SX fra veicoli in marcia;Intersezione semaforizzata;Più di due carreggiate;Asciutto;Asfaltata;Verticale ed orizzontale;Sereno;Intenso;Buona;Ore Diurne;1;0;0;1;12.37009;41.7547;-1;1;Autovettura privata;In marcia / fermata / arresto;Conducente;M;Rimandato;0;NON DECEDUTO;Non accertato;Inesploso
2039563;23;11/04/2014 06:00;Comunale extraurbana;VIA CRISTOFORO COLOMBO;all'intersezione semaforizzata con;VIA ERMANNO WOLF FERRARI;VIA ERMANNO WOLF FERRARI;;;Scontro frontale/laterale SX fra veicoli in marcia;Intersezione semaforizzata;Più di due carreggiate;Asciutto;Asfaltata;Verticale ed orizzontale;Sereno;Intenso;Buona;Ore Diurne;1;0;0;1;12.37009;41.7547;-1;2;Autocarro inferiore 35 q.;In marcia / fermata / arresto;Conducente;M;Illeso;0;;Utilizzato;Inesploso
2039571;19;11/04/2014 12:10;Strada Urbana;VIA DI CASAL DEL MARMO;in corrispondenza;;del civico n.;103;;Scontro laterale fra veicoli in marcia;Rettilineo;Una carreggiata a doppio senso;Asciutto;Asfaltata;Assente;Sereno;Normale;Buona;Ore Diurne;1;0;0;1;12.40809;41.96008;-1;1;Autovettura privata;In marcia / fermata / arresto;Conducente;M;Illeso;0;;;
2039571;19;11/04/2014 12:10;Strada Urbana;VIA DI CASAL DEL MARMO;in corrispondenza;;del civico n.;103;;Scontro laterale fra veicoli in marcia;Rettilineo;Una carreggiata a doppio senso;Asciutto;Asfaltata;Assente;Sereno;Normale;Buona;Ore Diurne;1;0;0;1;12.40809;41.96008;-1;2;Motociclo a solo;In marcia / fermata / arresto;Conducente;F;Rimandato;0;NON DECEDUTO;;
2039572;23;12/04/2014 03:00;Strada Urbana;VIA CRISTOFORO COLOMBO;all'intersezione semaforizzata con;VIA DI CASAL PALOCCO;VIA DI CASAL PALOCCO;;;Scontro frontale/laterale SX fra veicoli in marcia;Intersezione semaforizzata;Più di due carreggiate;Asciutto;Asfaltata;Verticale ed orizzontale;Sereno;Scarso;Buona;Sufficiente;1;0;0;1;12.35727;41.74548;-1;1;Autovettura privata;In marcia / fermata / arresto;Conducente;M;Rifiuta cure immediate;0;NON DECEDUTO;Non accertato;Inesploso
2039572;23;12/04/2014 03:00;Strada Urbana;VIA CRISTOFORO COLOMBO;all'intersezione semaforizzata con;VIA DI CASAL PALOCCO;VIA DI CASAL PALOCCO;;;Scontro frontale/laterale SX fra veicoli in marcia;Intersezione semaforizzata;Più di due carreggiate;Asciutto;Asfaltata;Verticale ed orizzontale;Sereno;Scarso;Buona;Sufficiente;1;0;0;1;12.35727;41.74548;-1;2;Autovettura privata;In marcia / fermata / arresto;Conducente;M;Illeso;0;;Non accertato;Inesploso
2039573;19;11/04/2014 20:15;Strada Urbana;VIA COGOLETO;all'intersezione con;VIA TAGGIA;VIA TAGGIA;;;Investimento di pedone;Incrocio;Una carreggiata a doppio senso;Asciutto;Asfaltata;Verticale ed orizzontale;Sereno;Scarso;Buona;Sufficiente;2;0;0;1;12.42196;41.93083;-1;;;;Pedone;F;Rimandato;0;NON DECEDUTO;;
2039573;19;11/04/2014 20:15;Strada Urbana;VIA COGOLETO;all'intersezione con;VIA TAGGIA;VIA TAGGIA;;;Investimento di pedone;Incrocio;Una carreggiata a doppio senso;Asciutto;Asfaltata;Verticale ed orizzontale;Sereno;Scarso;Buona;Sufficiente;2;0;0;1;12.42196;41.93083;-1;;;;Pedone;M;Rimandato;0;NON DECEDUTO;;
2039573;19;11/04/2014 20:15;Strada Urbana;VIA COGOLETO;all'intersezione con;VIA TAGGIA;VIA TAGGIA;;;Investimento di pedone;Incrocio;Una carreggiata a doppio senso;Asciutto;Asfaltata;Verticale ed orizzontale;Sereno;Scarso;Buona;Sufficiente;2;0;0;1;12.42196;41.93083;-1;1;Autovettura privata;In marcia / fermata / arresto;Conducente;M;Illeso;0;;;
2039575;19;11/04/2014 20:00;Strada Urbana;VIA DI BOCCEA;all'intersezione con;VIA DELLA STORTA;VIA DELLA STORTA;;;Scontro frontale/laterale DX fra veicoli in marcia;Incrocio;Una carreggiata a doppio senso;Asciutto;Asfaltata;Orizzontale;Sereno;Normale;Buona;Sufficiente;0;0;0;4;12.3533;41.92803;-1;1;Autovettura privata;In marcia / fermata / arresto;Conducente;M;Illeso;0;;Non accertato;Inesploso
2039575;19;11/04/2014 20:00;Strada Urbana;VIA DI BOCCEA;all'intersezione con;VIA DELLA STORTA;VIA DELLA STORTA;;;Scontro frontale/laterale DX fra veicoli in marcia;Incrocio;Una carreggiata a doppio senso;Asciutto;Asfaltata;Orizzontale;Sereno;Normale;Buona;Sufficiente;0;0;0;4;12.3533;41.92803;-1;1;Autovettura privata;In marcia / fermata / arresto;Passeggero;F;Illeso;0;;Non accertato;Inesploso
2039575;19;11/04/2014 20:00;Strada Urbana;VIA DI BOCCEA;all'intersezione con;VIA DELLA STORTA;VIA DELLA STORTA;;;Scontro frontale/laterale DX fra veicoli in marcia;Incrocio;Una carreggiata a doppio senso;Asciutto;Asfaltata;Orizzontale;Sereno;Normale;Buona;Sufficiente;0;0;0;4;12.3533;41.92803;-1;2;Autovettura privata;In marcia / fermata / arresto;Conducente;M;Illeso;0;;Non accertato;Inesploso
2039575;19;11/04/2014 20:00;Strada Urbana;VIA DI BOCCEA;all'intersezione con;VIA DELLA STORTA;VIA DELLA STORTA;;;Scontro frontale/laterale DX fra veicoli in marcia;Incrocio;Una carreggiata a doppio senso;Asciutto;Asfaltata;Orizzontale;Sereno;Normale;Buona;Sufficiente;0;0;0;4;12.3533;41.92803;-1;3;Autobus di linea;In marcia / fermata / arresto;Conducente;M;Illeso;0;;Esente;Inesploso
2039576;20;11/04/2014 07:50;Strada Urbana;VIA FLAMINIA;all'intersezione con;VIA ROCCALVECCE;VIA ROCCALVECCE;;;Scontro laterale fra veicoli in marcia;Incrocio;Una carreggiata a doppio senso;Asciutto;Asfaltata;Assente;Sereno;Scarso;Buona;Ore Diurne;0;0;0;3;12.47184;41.94192;-1;1;Autovettura privata;In marcia / fermata / arresto;Conducente;F;Illeso;0;;Non accertato;Inesploso
2039576;20;11/04/2014 07:50;Strada Urbana;VIA FLAMINIA;all'intersezione con;VIA ROCCALVECCE;VIA ROCCALVECCE;;;Scontro laterale fra veicoli in marcia;Incrocio;Una carreggiata a doppio senso;Asciutto;Asfaltata;Assente;Sereno;Scarso;Buona;Ore Diurne;0;0;0;3;12.47184;41.94192;-1;2;Quadriciclo leggero;In marcia / fermata / arresto;Conducente;M;Illeso;0;;Non accertato;
2039576;20;11/04/2014 07:50;Strada Urbana;VIA FLAMINIA;all'intersezione con;VIA ROCCALVECCE;VIA ROCCALVECCE;;;Scontro laterale fra veicoli in marcia;Incrocio;Una carreggiata a doppio senso;Asciutto;Asfaltata;Assente;Sereno;Scarso;Buona;Ore Diurne;0;0;0;3;12.47184;41.94192;-1;2;Quadriciclo leggero;In marcia / fermata / arresto;Passeggero;M;Illeso;0;;Non accertato;Inesistente
2039578;19;11/04/2014 11:45;Strada Urbana;VIA DELLA PINETA SACCHETTI;in prossimità;;del civico n.;205/a;;Scontro frontale/laterale SX fra veicoli in marcia;Rettilineo;Una carreggiata a senso unico di marcia;Asciutto;Asfaltata;Verticale ed orizzontale;Sereno;Normale;Buona;Ore Diurne;1;0;0;1;12.42403;41.92279;-1;1;Autovettura privata;In marcia / fermata / arresto;Conducente;F;Illeso;0;;Non accertato;Inesploso
2039578;19;11/04/2014 11:45;Strada Urbana;VIA DELLA PINETA SACCHETTI;in prossimità;;del civico n.;205/a;;Scontro frontale/laterale SX fra veicoli in marcia;Rettilineo;Una carreggiata a senso unico di marcia;Asciutto;Asfaltata;Verticale ed orizzontale;Sereno;Normale;Buona;Ore Diurne;1;0;0;1;12.42403;41.92279;-1;2;Motociclo a solo;In marcia / fermata / arresto;Conducente;M;Rimandato;0;NON DECEDUTO;Non accertato;
2039580;1;11/04/2014 09:45;Strada Urbana;VIA SICILIA;in corrispondenza;;del civico n.;194;;Veicolo in marcia contro veicolo in sosta;Rettilineo;Una carreggiata a senso unico di marcia;Asciutto;Asfaltata;Verticale;Sereno;Normale;Buona;Ore Diurne;0;0;0;1;12.4954927;41.9097526;-1;2;Autovettura privata;In marcia / fermata / arresto;Conducente;M;Illeso;0;;Non accertato;
2039590;1;11/04/2014 09:25;Strada Urbana;PIAZZA DELLA BOCCA DELLA VERITA';in prossimità;;del palo luce n.;4;;Veicolo in marcia contro ostacolo accidentale;Curva senza visuale libera;Una carreggiata a doppio senso;Asciutto;Acciotolata;Verticale ed orizzontale;Sereno;Normale;Buona;Ore Diurne;0;0;0;2;12.4813;41.88877;-1;1;Autovettura pubblica;In marcia / fermata / arresto;Conducente;M;Illeso;0;;Non accertato;Inesploso
2039590;1;11/04/2014 09:25;Strada Urbana;PIAZZA DELLA BOCCA DELLA VERITA';in prossimità;;del palo luce n.;4;;Veicolo in marcia contro ostacolo accidentale;Curva senza visuale libera;Una carreggiata a doppio senso;Asciutto;Acciotolata;Verticale ed orizzontale;Sereno;Normale;Buona;Ore Diurne;0;0;0;2;12.4813;41.88877;-1;2;Autovettura privata;In marcia / fermata / arresto;Conducente;M;Illeso;0;;Non accertato;Inesploso
2039593;20;11/04/2014 20:30;Strada Urbana;VIA FLAMINIA NUOVA;da specificare;;;;direzione GRA palo prossimità ACEA 46;Tamponamento Multiplo;Rettilineo;Due carreggiate;Asciutto;Asfaltata;Verticale ed orizzontale;Sereno;Normale;Buona;Sufficiente;1;0;0;3;12.4872;41.96095;-1;1;Autovettura privata;In marcia / fermata / arresto;Conducente;M;Illeso;0;;;
2039593;20;11/04/2014 20:30;Strada Urbana;VIA FLAMINIA NUOVA;da specificare;;;;direzione GRA palo prossimità ACEA 46;Tamponamento Multiplo;Rettilineo;Due carreggiate;Asciutto;Asfaltata;Verticale ed orizzontale;Sereno;Normale;Buona;Sufficiente;1;0;0;3;12.4872;41.96095;-1;2;Autovettura privata;In marcia / fermata / arresto;Conducente;M;Rimandato;0;NON DECEDUTO;;
2039593;20;11/04/2014 20:30;Strada Urbana;VIA FLAMINIA NUOVA;da specificare;;;;direzione GRA palo prossimità ACEA 46;Tamponamento Multiplo;Rettilineo;Due carreggiate;Asciutto;Asfaltata;Verticale ed orizzontale;Sereno;Normale;Buona;Sufficiente;1;0;0;3;12.4872;41.96095;-1;3;Autocarro inferiore 35 q.;In marcia / fermata / arresto;Conducente;M;Illeso;0;;;
2039593;20;11/04/2014 20:30;Strada Urbana;VIA FLAMINIA NUOVA;da specificare;;;;direzione GRA palo prossimità ACEA 46;Tamponamento Multiplo;Rettilineo;Due carreggiate;Asciutto;Asfaltata;Verticale ed orizzontale;Sereno;Normale;Buona;Sufficiente;1;0;0;3;12.4872;41.96095;-1;3;Autocarro inferiore 35 q.;In marcia / fermata / arresto;Passeggero;M;Illeso;0;;;
2039621;20;11/04/2014 16:00;Regionale entro l'abitato;VIA CASSIA;in corrispondenza;;del civico n.;1081;;Investimento di pedone;Rettilineo;Una carreggiata a doppio senso;Asciutto;Asfaltata;Orizzontale;Sereno;Normale;Buona;Ore Diurne;1;0;0;1;12.4251657;41.9754543;-1;;;;Pedone;M;Rimandato;0;NON DECEDUTO;;
2039621;20;11/04/2014 16:00;Regionale entro l'abitato;VIA CASSIA;in corrispondenza;;del civico n.;1081;;Investimento di pedone;Rettilineo;Una carreggiata a doppio senso;Asciutto;Asfaltata;Orizzontale;Sereno;Normale;Buona;Ore Diurne;1;0;0;1;12.4251657;41.9754543;-1;1;Autovettura privata;In marcia / fermata / arresto;Conducente;M;Illeso;0;;Non accertato;Inesploso
2039714;20;11/04/2014 15:50;Regionale entro l'abitato;VIA FLAMINIA;in prossimità;;del civico n.;1000;;Tamponamento;Rettilineo;Due carreggiate;Asciutto;Asfaltata;Verticale ed orizzontale;Sereno;Intenso;Buona;Ore Diurne;0;0;0;3;12.48823;41.96328;-1;1;Autovettura di polizia;In marcia / fermata / arresto;Conducente;M;Illeso;0;;Non accertato;Inesploso
2039714;20;11/04/2014 15:50;Regionale entro l'abitato;VIA FLAMINIA;in prossimità;;del civico n.;1000;;Tamponamento;Rettilineo;Due carreggiate;Asciutto;Asfaltata;Verticale ed orizzontale;Sereno;Intenso;Buona;Ore Diurne;0;0;0;3;12.48823;41.96328;-1;1;Autovettura di polizia;In marcia / fermata / arresto;Passeggero;M;Illeso;0;;Non accertato;
2039714;20;11/04/2014 15:50;Regionale entro l'abitato;VIA FLAMINIA;in prossimità;;del civico n.;1000;;Tamponamento;Rettilineo;Due carreggiate;Asciutto;Asfaltata;Verticale ed orizzontale;Sereno;Intenso;Buona;Ore Diurne;0;0;0;3;12.48823;41.96328;-1;2;Motociclo a solo;In marcia / fermata / arresto;Conducente;M;Illeso;0;;Non accertato;
2039755;8;12/04/2014 14:40;Strada Urbana;VIA CASILINA;in corrispondenza;;del civico n.;1890N;;Scontro frontale fra veicoli in marcia;Rettilineo;Una carreggiata a doppio senso;Asciutto;Asfaltata;Verticale ed orizzontale;Nuvoloso;Intenso;Buona;Ore Diurne;3;0;0;0;12.69063;41.86345;-1;1;Autocarro inferiore 35 q.;In marcia / fermata / arresto;Conducente;M;Rimandato;0;NON DECEDUTO;Non accertato;Inesploso
2039755;8;12/04/2014 14:40;Strada Urbana;VIA CASILINA;in corrispondenza;;del civico n.;1890N;;Scontro frontale fra veicoli in marcia;Rettilineo;Una carreggiata a doppio senso;Asciutto;Asfaltata;Verticale ed orizzontale;Nuvoloso;Intenso;Buona;Ore Diurne;3;0;0;0;12.69063;41.86345;-1;1;Autocarro inferiore 35 q.;In marcia / fermata / arresto;Passeggero;M;Rimandato;0;NON DECEDUTO;Non accertato;Inesploso
2039755;8;12/04/2014 14:40;Strada Urbana;VIA CASILINA;in corrispondenza;;del civico n.;1890N;;Scontro frontale fra veicoli in marcia;Rettilineo;Una carreggiata a doppio senso;Asciutto;Asfaltata;Verticale ed orizzontale;Nuvoloso;Intenso;Buona;Ore Diurne;3;0;0;0;12.69063;41.86345;-1;2;Autovettura privata;In marcia / fermata / arresto;Conducente;M;Ricoverato;0;NON DECEDUTO;Non accertato;Inesploso
2039785;2;12/04/2014 17:10;Strada Urbana;SOTTOVIA IGNAZIO GUIDI;da specificare;;;;alt uscita via Campania;Tamponamento;Rettilineo;Due carreggiate;Asciutto;Asfaltata;Verticale ed orizzontale;Sereno;Intenso;Buona;Ore Diurne;2;0;0;1;12.49065;41.90989;-1;1;Autovettura privata;In marcia / fermata / arresto;Conducente;M;Rifiuta cure immediate;0;NON DECEDUTO;Non accertato;Inesploso
2039785;2;12/04/2014 17:10;Strada Urbana;SOTTOVIA IGNAZIO GUIDI;da specificare;;;;alt uscita via Campania;Tamponamento;Rettilineo;Due carreggiate;Asciutto;Asfaltata;Verticale ed orizzontale;Sereno;Intenso;Buona;Ore Diurne;2;0;0;1;12.49065;41.90989;-1;1;Autovettura privata;In marcia / fermata / arresto;Passeggero;F;Rifiuta cure immediate;0;NON DECEDUTO;Non accertato;Inesploso
2039785;2;12/04/2014 17:10;Strada Urbana;SOTTOVIA IGNAZIO GUIDI;da specificare;;;;alt uscita via Campania;Tamponamento;Rettilineo;Due carreggiate;Asciutto;Asfaltata;Verticale ed orizzontale;Sereno;Intenso;Buona;Ore Diurne;2;0;0;1;12.49065;41.90989;-1;1;Autovettura privata;In marcia / fermata / arresto;Passeggero;F;Illeso;0;;;
2039810;13;12/04/2014 10:15;Provinciale;VIA OSTIENSE;da specificare;;;;alt. Km.25,300 della Via del Mare;Veicolo in marcia contro ostacolo fisso;Rettilineo;Una carreggiata a doppio senso;Asciutto;Asfaltata;Orizzontale;Sereno;Normale;Buona;Ore Diurne;0;0;0;1;12.28881;41.75291;-1;1;Autovettura privata;In marcia / fermata / arresto;Conducente;M;Illeso;0;;Non accertato;Inesploso
2039818;13;12/04/2014 12:15;Provinciale;VIA DEL MARE;in corrispondenza;;della chilometrica;21.5;;Tamponamento;Rettilineo;Una carreggiata a doppio senso;Asciutto;Asfaltata;Verticale ed orizzontale;Sereno;Intenso;Buona;Ore Diurne;0;0;0;2;12.48786;41.66404;-1;1;Autovettura privata;In marcia / fermata / arresto;Conducente;M;Illeso;0;;Non accertato;Inesploso
2039818;13;12/04/2014 12:15;Provinciale;VIA DEL MARE;in corrispondenza;;della chilometrica;21.5;;Tamponamento;Rettilineo;Una carreggiata a doppio senso;Asciutto;Asfaltata;Verticale ed orizzontale;Sereno;Intenso;Buona;Ore Diurne;0;0;0;2;12.48786;41.66404;-1;2;Autovettura privata;In marcia / fermata / arresto;Conducente;M;Illeso;0;;Non accertato;Inesploso
2039819;13;12/04/2014 16:40;Strada Urbana;PIAZZA CALIPSO;all'intersezione con;VIA DELLE NEREIDI;VIA DELLE NEREIDI;;;Scontro laterale fra veicoli in marcia;Incrocio;Due carreggiate;Asciutto;Asfaltata;Verticale ed orizzontale;Sereno;Normale;Buona;Ore Diurne;0;0;0;2;12.26909;41.73346;-1;2;Autovettura privata;In marcia / fermata / arresto;Conducente;M;Illeso;0;;Non accertato;
2039819;13;12/04/2014 16:40;Strada Urbana;PIAZZA CALIPSO;all'intersezione con;VIA DELLE NEREIDI;VIA DELLE NEREIDI;;;Scontro laterale fra veicoli in marcia;Incrocio;Due carreggiate;Asciutto;Asfaltata;Verticale ed orizzontale;Sereno;Normale;Buona;Ore Diurne;0;0;0;2;12.26909;41.73346;-1;2;Autovettura privata;In marcia / fermata / arresto;Passeggero;F;Illeso;0;;Non accertato;Inesploso
2039923;20;12/04/2014 12:30;Strada Urbana;VIA FLAMINIA NUOVA;da specificare;;;;all'interno sottopasso Euclide;Scontro laterale fra veicoli in marcia;Galleria non illuminata;Una carreggiata a senso unico di marcia;Asciutto;Asfaltata;Verticale;Sereno;Normale;Insufficiente;Inesistente;0;0;0;9;12.48702;41.96067;-1;1;Autovettura di polizia;In marcia / fermata / arresto;Conducente;M;Illeso;0;;Non accertato;Inesistente
2039923;20;12/04/2014 12:30;Strada Urbana;VIA FLAMINIA NUOVA;da specificare;;;;all'interno sottopasso Euclide;Scontro laterale fra veicoli in marcia;Galleria non illuminata;Una carreggiata a senso unico di marcia;Asciutto;Asfaltata;Verticale;Sereno;Normale;Insufficiente;Inesistente;0;0;0;9;12.48702;41.96067;-1;1;Autovettura di polizia;In marcia / fermata / arresto;Passeggero;M;Illeso;0;;Non accertato;Inesistente
2039923;20;12/04/2014 12:30;Strada Urbana;VIA FLAMINIA NUOVA;da specificare;;;;all'interno sottopasso Euclide;Scontro laterale fra veicoli in marcia;Galleria non illuminata;Una carreggiata a senso unico di marcia;Asciutto;Asfaltata;Verticale;Sereno;Normale;Insufficiente;Inesistente;0;0;0;9;12.48702;41.96067;-1;1;Autovettura di polizia;In marcia / fermata / arresto;Passeggero;M;Illeso;0;;Non accertato;Inesistente
2039923;20;12/04/2014 12:30;Strada Urbana;VIA FLAMINIA NUOVA;da specificare;;;;all'interno sottopasso Euclide;Scontro laterale fra veicoli in marcia;Galleria non illuminata;Una carreggiata a senso unico di marcia;Asciutto;Asfaltata;Verticale;Sereno;Normale;Insufficiente;Inesistente;0;0;0;9;12.48702;41.96067;-1;1;Autovettura di polizia;In marcia / fermata / arresto;Passeggero;M;Illeso;0;;Non accertato;Inesistente
2039923;20;12/04/2014 12:30;Strada Urbana;VIA FLAMINIA NUOVA;da specificare;;;;all'interno sottopasso Euclide;Scontro laterale fra veicoli in marcia;Galleria non illuminata;Una carreggiata a senso unico di marcia;Asciutto;Asfaltata;Verticale;Sereno;Normale;Insufficiente;Inesistente;0;0;0;9;12.48702;41.96067;-1;1;Autovettura di polizia;In marcia / fermata / arresto;Passeggero;M;Illeso;0;;Non accertato;Inesistente
2039923;20;12/04/2014 12:30;Strada Urbana;VIA FLAMINIA NUOVA;da specificare;;;;all'interno sottopasso Euclide;Scontro laterale fra veicoli in marcia;Galleria non illuminata;Una carreggiata a senso unico di marcia;Asciutto;Asfaltata;Verticale;Sereno;Normale;Insufficiente;Inesistente;0;0;0;9;12.48702;41.96067;-1;2;Autovettura privata;In marcia / fermata / arresto;Conducente;M;Illeso;0;;Non accertato;Inesistente
2039923;20;12/04/2014 12:30;Strada Urbana;VIA FLAMINIA NUOVA;da specificare;;;;all'interno sottopasso Euclide;Scontro laterale fra veicoli in marcia;Galleria non illuminata;Una carreggiata a senso unico di marcia;Asciutto;Asfaltata;Verticale;Sereno;Normale;Insufficiente;Inesistente;0;0;0;9;12.48702;41.96067;-1;2;Autovettura privata;In marcia / fermata / arresto;Passeggero;M;Illeso;0;;Non accertato;Inesistente
2040012;20;12/04/2014 16:35;Strada Urbana;VIA SAN DANIELE DEL FRIULI;in prossimità;;del civico n.;f.c. 10;;Ribaltamento senza urto contro ostacolo fisso;Rettilineo;Una carreggiata a doppio senso;Asciutto;Asfaltata;Orizzontale;Sereno;Scarso;Buona;Ore Diurne;0;0;0;3;12.48169;41.99626;-1;1;Autovettura di polizia;In marcia / fermata / arresto;Conducente;M;Illeso;0;;Non accertato;Inesploso
2040012;20;12/04/2014 16:35;Strada Urbana;VIA SAN DANIELE DEL FRIULI;in prossimità;;del civico n.;f.c. 10;;Ribaltamento senza urto contro ostacolo fisso;Rettilineo;Una carreggiata a doppio senso;Asciutto;Asfaltata;Orizzontale;Sereno;Scarso;Buona;Ore Diurne;0;0;0;3;12.48169;41.99626;-1;1;Autovettura di polizia;In marcia / fermata / arresto;Passeggero;M;Illeso;0;;Non accertato;Inesploso
2040012;20;12/04/2014 16:35;Strada Urbana;VIA SAN DANIELE DEL FRIULI;in prossimità;;del civico n.;f.c. 10;;Ribaltamento senza urto contro ostacolo fisso;Rettilineo;Una carreggiata a doppio senso;Asciutto;Asfaltata;Orizzontale;Sereno;Scarso;Buona;Ore Diurne;0;0;0;3;12.48169;41.99626;-1;2;Autovettura privata;In marcia / fermata / arresto;Conducente;M;Illeso;0;;Non accertato;Inesploso
2040027;20;12/04/2014 00:30;Strada Urbana;VIA VITO SINISI;da specificare;;;;in prossimità di via dei Due Ponti;Veicolo in marcia contro veicolo in sosta;Rettilineo;Una carreggiata a doppio senso;Asciutto;Asfaltata;Verticale ed orizzontale;Sereno;Scarso;Sufficiente;Sufficiente;0;0;0;1;12.45306;41.96565;-1;2;Autovettura privata;In marcia / fermata / arresto;Conducente;M;Illeso;0;;Non accertato;Inesploso