Protocollo;Gruppo;DataOraIncidente;Localizzazione1;STRADA1;Localizzazione2;STRADA2;Strada02;Chilometrica;DaSpecificare;NaturaIncidente;particolaritastrade;TipoStrada;FondoStradale;Pavimentazione;Segnaletica;CondizioneAtmosferica;Traffico;Visibilita;Illuminazione;NUM_FERITI;NUM_RISERVATA;NUM_MORTI;NUM_ILLESI;Longitudine;Latitudine;Confermato;Progressivo;TipoVeicolo;StatoVeicolo;TipoPersona;Sesso;Tipolesione;Deceduto;DecedutoDopo;CinturaCascoUtilizzato;Airbag
2042597;6;17/04/2014 14:30;Strada Urbana;VIA DI ACQUA BULLICANTE;in prossimità;;del civico n.;256;;Scontro frontale/laterale DX fra veicoli in marcia;Rettilineo;Una carreggiata a doppio senso;Asciutto;Asfaltata;Orizzontale;Sereno;Normale;Buona;Ore Diurne;0;0;0;2;12.54223;41.88934;-1;1;Autovettura privata;In marcia / fermata / arresto;Conducente;M;Illeso;0;;Non accertato;Inesploso
2042597;6;17/04/2014 14:30;Strada Urbana;VIA DI ACQUA BULLICANTE;in prossimità;;del civico n.;256;;Scontro frontale/laterale DX fra veicoli in marcia;Rettilineo;Una carreggiata a doppio senso;Asciutto;Asfaltata;Orizzontale;Sereno;Normale;Buona;Ore Diurne;0;0;0;2;12.54223;41.88934;-1;2;Autovettura privata;In marcia / fermata / arresto;Conducente;M;Illeso;0;;Non accertato;Inesploso
2042618;16;15/04/2014 16:50;Strada Urbana;VIA SEVERO CARMIGNANO;all'intersezione con;VIA ALESSANDRO CRIVELLI;VIA ALESSANDRO CRIVELLI;;;Scontro laterale fra veicoli in marcia;Intersezione stradale segnalata;Una carreggiata a senso unico di marcia;Bagnato (pioggia);Asfaltata;Verticale ed orizzontale;Nuvoloso;Normale;Buona;Ore Diurne;0;0;0;2;12.445;41.86884;-1;1;Autovettura privata;In marcia / fermata / arresto;Conducente;F;Illeso;0;;Non accertato;Inesploso
2042618;16;15/04/2014 16:50;Strada Urbana;VIA SEVERO CARMIGNANO;all'intersezione con;VIA ALESSANDRO CRIVELLI;VIA ALESSANDRO CRIVELLI;;;Scontro laterale fra veicoli in marcia;Intersezione stradale segnalata;Una carreggiata a senso unico di marcia;Bagnato (pioggia);Asfaltata;Verticale ed orizzontale;Nuvoloso;Normale;Buona;Ore Diurne;0;0;0;2;12.445;41.86884;-1;2;Autovettura privata;In marcia / fermata / arresto;Conducente;F;Illeso;0;;Non accertato;Inesploso
2042631;18;14/04/2014 19:20;Strada Urbana;VIA GREGORIO XI;in prossimità;;del civico n.;6;;Scontro laterale fra veicoli in marcia;Rettilineo;Una carreggiata a doppio senso;Asciutto;Asfaltata;Verticale ed orizzontale;Sereno;Normale;Buona;Ore Diurne;0;0;0;2;12.42173;41.90281;-1;1;Autovettura privata;In marcia / fermata / arresto;Conducente;M;Illeso;0;;Non accertato;Inesploso
2042631;18;14/04/2014 19:20;Strada Urbana;VIA GREGORIO XI;in prossimità;;del civico n.;6;;Scontro laterale fra veicoli in marcia;Rettilineo;Una carreggiata a doppio senso;Asciutto;Asfaltata;Verticale ed orizzontale;Sereno;Normale;Buona;Ore Diurne;0;0;0;2;12.42173;41.90281;-1;2;Autovettura privata;In marcia / fermata / arresto;Conducente;M;Illeso;0;;Non accertato;Inesploso
2042647;16;15/04/2014 19:10;Strada Urbana;VIA CAMILLO SERAFINI;all'intersezione con;VIA SILVESTRI;VIA SILVESTRI;;;Scontro frontale/laterale DX fra veicoli in marcia;Intersezione stradale segnalata;Una carreggiata a doppio senso;Asciutto;Asfaltata;Verticale ed orizzontale;Sereno;Intenso;Buona;Ore Diurne;1;0;0;1;12.42771;41.87865;-1;1;Motociclo a solo;In marcia / fermata / arresto;Conducente;F;Rimandato;0;NON DECEDUTO;Non accertato;
2042647;16;15/04/2014 19:10;Strada Urbana;VIA CAMILLO SERAFINI;all'intersezione con;VIA SILVESTRI;VIA SILVESTRI;;;Scontro frontale/laterale DX fra veicoli in marcia;Intersezione stradale segnalata;Una carreggiata a doppio senso;Asciutto;Asfaltata;Verticale ed orizzontale;Sereno;Intenso;Buona;Ore Diurne;1;0;0;1;12.42771;41.87865;-1;2;Autovettura privata;In marcia / fermata / arresto;Conducente;F;Illeso;0;;Non accertato;Inesploso
2042649;1;14/04/2014 10:00;Strada Urbana;VIA MARMORATA;all'intersezione semaforizzata con;VIA GALVANI;VIA GALVANI;;;Scontro laterale fra veicoli in marcia;Intersezione semaforizzata;Più di due carreggiate;Asciutto;Asfaltata;Verticale ed orizzontale;Sereno;Normale;Buona;Ore Diurne;1;0;0;2;12.47872;41.8792;-1;1;Autovettura privata;In marcia / fermata / arresto;Conducente;M;Illeso;0;;Non accertato;
2042649;1;14/04/2014 10:00;Strada Urbana;VIA MARMORATA;all'intersezione semaforizzata con;VIA GALVANI;VIA GALVANI;;;Scontro laterale fra veicoli in marcia;Intersezione semaforizzata;Più di due carreggiate;Asciutto;Asfaltata;Verticale ed orizzontale;Sereno;Normale;Buona;Ore Diurne;1;0;0;2;12.47872;41.8792;-1;1;Autovettura privata;In marcia / fermata / arresto;Passeggero;F;Rimandato;0;NON DECEDUTO;Non accertato;
2042649;1;14/04/2014 10:00;Strada Urbana;VIA MARMORATA;all'intersezione semaforizzata con;VIA GALVANI;VIA GALVANI;;;Scontro laterale fra veicoli in marcia;Intersezione semaforizzata;Più di due carreggiate;Asciutto;Asfaltata;Verticale ed orizzontale;Sereno;Normale;Buona;Ore Diurne;1;0;0;2;12.47872;41.8792;-1;2;Autovettura privata;In marcia / fermata / arresto;Conducente;F;Illeso;0;;Non accertato;
2042676;1;12/04/2014 10:30;Strada Urbana;VIA DI CAMPO MARZIO;in prossimità;;del civico n.;35;;Veicolo in marcia contro ostacolo fisso;Rettilineo;Una carreggiata a senso unico di marcia;Asciutto;In cubetti di porfido;Verticale ed orizzontale;Sereno;Normale;Buona;Ore Diurne;0;0;0;1;12.477634;41.9023609;-1;1;Macchina operatrice;In marcia / fermata / arresto;Conducente;M;Illeso;0;;Non accertato;
2042694;1;14/04/2014 15:55;Strada Urbana;PIAZZA DI PORTA MAGGIORE;in prossimità;;del civico n.;6;;Scontro laterale fra veicoli in marcia;Rettilineo;Una carreggiata a senso unico di marcia;Asciutto;Asfaltata;Verticale ed orizzontale;Sereno;Normale;Buona;Ore Diurne;0;0;0;2;12.51491;41.89226;-1;1;Autovettura privata;In marcia / fermata / arresto;Conducente;M;Illeso;0;;Non accertato;
2042694;1;14/04/2014 15:55;Strada Urbana;PIAZZA DI PORTA MAGGIORE;in prossimità;;del civico n.;6;;Scontro laterale fra veicoli in marcia;Rettilineo;Una carreggiata a senso unico di marcia;Asciutto;Asfaltata;Verticale ed orizzontale;Sereno;Normale;Buona;Ore Diurne;0;0;0;2;12.51491;41.89226;-1;2;Autovettura privata;In marcia / fermata / arresto;Conducente;M;Illeso;0;;Non accertato;
2042716;1;15/04/2014 14:55;Strada Urbana;PIAZZA COLONNA;all'intersezione con;VIA DEL CORSO;VIA DEL CORSO;;;Scontro frontale/laterale DX fra veicoli in marcia;Incrocio;Una carreggiata a doppio senso;Bagnato (pioggia);Asfaltata;Verticale ed orizzontale;Pioggia in atto;Intenso;Buona;Ore Diurne;1;0;0;2;12.48033;41.90128;-1;1;Autocarro inferiore 35 q.;In marcia / fermata / arresto;Conducente;M;Illeso;0;;Non accertato;
2042716;1;15/04/2014 14:55;Strada Urbana;PIAZZA COLONNA;all'intersezione con;VIA DEL CORSO;VIA DEL CORSO;;;Scontro frontale/laterale DX fra veicoli in marcia;Incrocio;Una carreggiata a doppio senso;Bagnato (pioggia);Asfaltata;Verticale ed orizzontale;Pioggia in atto;Intenso;Buona;Ore Diurne;1;0;0;2;12.48033;41.90128;-1;1;Autocarro inferiore 35 q.;In marcia / fermata / arresto;Passeggero;M;Illeso;0;;Non accertato;
2042716;1;15/04/2014 14:55;Strada Urbana;PIAZZA COLONNA;all'intersezione con;VIA DEL CORSO;VIA DEL CORSO;;;Scontro frontale/laterale DX fra veicoli in marcia;Incrocio;Una carreggiata a doppio senso;Bagnato (pioggia);Asfaltata;Verticale ed orizzontale;Pioggia in atto;Intenso;Buona;Ore Diurne;1;0;0;2;12.48033;41.90128;-1;2;Motociclo a solo;In marcia / fermata / arresto;Conducente;M;Rifiuta cure immediate;0;NON DECEDUTO;Non accertato;
2042734;1;15/04/2014 11:55;Strada Urbana;PIAZZA VENEZIA;in prossimità;;del civico n.;3;;Scontro laterale fra veicoli in marcia;Rotatoria;Una carreggiata a senso unico di marcia;Asciutto;Acciotolata;Verticale ed orizzontale;Nuvoloso;Intenso;Buona;Ore Diurne;0;0;0;3;12.4823;41.89656;-1;1;Autovettura pubblica;In marcia / fermata / arresto;Conducente;M;Illeso;0;;Non accertato;Inesploso
2042734;1;15/04/2014 11:55;Strada Urbana;PIAZZA VENEZIA;in prossimità;;del civico n.;3;;Scontro laterale fra veicoli in marcia;Rotatoria;Una carreggiata a senso unico di marcia;Asciutto;Acciotolata;Verticale ed orizzontale;Nuvoloso;Intenso;Buona;Ore Diurne;0;0;0;3;12.4823;41.89656;-1;1;Autovettura pubblica;In marcia / fermata / arresto;Passeggero;M;Illeso;0;;;
2042734;1;15/04/2014 11:55;Strada Urbana;PIAZZA VENEZIA;in prossimità;;del civico n.;3;;Scontro laterale fra veicoli in marcia;Rotatoria;Una carreggiata a senso unico di marcia;Asciutto;Acciotolata;Verticale ed orizzontale;Nuvoloso;Intenso;Buona;Ore Diurne;0;0;0;3;12.4823;41.89656;-1;2;Autobus turistico;In marcia / fermata / arresto;Conducente;M;Illeso;0;;Non accertato;Inesploso
2042767;1;15/04/2014 09:10;Strada Urbana;PIAZZA DEI CINQUECENTO;all'intersezione con;VIA CAVOUR;VIA CAVOUR;;;Infortunio per sola frenata improvvisa;Intersezione stradale segnalata;Due carreggiate;Asciutto;Lastricata;Verticale ed orizzontale;Nuvoloso;Intenso;Buona;Ore Diurne;1;0;0;0;12.4998;41.90081;-1;1;Motociclo a solo;In marcia / fermata / arresto;Conducente;F;Rimandato;0;NON DECEDUTO;Non accertato;
2042774;1;15/04/2014 19:15;Strada Urbana;VIA DANDOLO;in corrispondenza;;del civico n.;84;;Veicolo in marcia contro veicolo in sosta;Curva a visuale libera;Una carreggiata a doppio senso;Asciutto;Asfaltata;Orizzontale;Nuvoloso;Normale;Buona;Ore Diurne;0;0;0;1;12.46644;41.88538;-1;2;Autovettura privata;In marcia / fermata / arresto;Conducente;M;Illeso;0;;Non accertato;
2042781;1;15/04/2014 16:10;Strada Urbana;LARGO CARLO GOLDONI;in prossimità;;del civico n.;56;;Veicolo in marcia contro veicolo arresto;Rettilineo;Una carreggiata a senso unico di marcia;Bagnato (pioggia);Strada pavimentata dissestata;Verticale ed orizzontale;Nuvoloso;Normale;Buona;Ore Diurne;0;0;0;4;12.47889;41.90453;-1;1;Autovettura pubblica;In marcia / fermata / arresto;Conducente;M;Illeso;0;;;
2042781;1;15/04/2014 16:10;Strada Urbana;LARGO CARLO GOLDONI;in prossimità;;del civico n.;56;;Veicolo in marcia contro veicolo arresto;Rettilineo;Una carreggiata a senso unico di marcia;Bagnato (pioggia);Strada pavimentata dissestata;Verticale ed orizzontale;Nuvoloso;Normale;Buona;Ore Diurne;0;0;0;4;12.47889;41.90453;-1;1;Autovettura pubblica;In marcia / fermata / arresto;Passeggero;M;Illeso;0;;;
2042781;1;15/04/2014 16:10;Strada Urbana;LARGO CARLO GOLDONI;in prossimità;;del civico n.;56;;Veicolo in marcia contro veicolo arresto;Rettilineo;Una carreggiata a senso unico di marcia;Bagnato (pioggia);Strada pavimentata dissestata;Verticale ed orizzontale;Nuvoloso;Normale;Buona;Ore Diurne;0;0;0;4;12.47889;41.90453;-1;2;Autovettura pubblica;In marcia / fermata / arresto;Conducente;M;Illeso;0;;;
2042781;1;15/04/2014 16:10;Strada Urbana;LARGO CARLO GOLDONI;in prossimità;;del civico n.;56;;Veicolo in marcia contro veicolo arresto;Rettilineo;Una carreggiata a senso unico di marcia;Bagnato (pioggia);Strada pavimentata dissestata;Verticale ed orizzontale;Nuvoloso;Normale;Buona;Ore Diurne;0;0;0;4;12.47889;41.90453;-1;2;Autovettura pubblica;In marcia / fermata / arresto;Passeggero;M;Illeso;0;;;
2042783;1;14/04/2014 13:10;Strada Urbana;LARGO CORRADO RICCI;all'intersezione con;VIA TOR DE' CONTI;VIA TOR DE' CONTI;;;Scontro laterale fra veicoli in marcia;Intersezione non regolata/non segnalata;Una carreggiata a doppio senso;Asciutto;Asfaltata;Verticale ed orizzontale;Sereno;Normale;Buona;Ore Diurne;0;0;0;4;12.48782;41.89335;-1;1;Autovettura pubblica;In marcia / fermata / arresto;Conducente;M;Illeso;0;;Non accertato;
2042783;1;14/04/2014 13:10;Strada Urbana;LARGO CORRADO RICCI;all'intersezione con;VIA TOR DE' CONTI;VIA TOR DE' CONTI;;;Scontro laterale fra veicoli in marcia;Intersezione non regolata/non segnalata;Una carreggiata a doppio senso;Asciutto;Asfaltata;Verticale ed orizzontale;Sereno;Normale;Buona;Ore Diurne;0;0;0;4;12.48782;41.89335;-1;2;Autovettura privata;In marcia / fermata / arresto;Conducente;M;Illeso;0;;Non accertato;
2042783;1;14/04/2014 13:10;Strada Urbana;LARGO CORRADO RICCI;all'intersezione con;VIA TOR DE' CONTI;VIA TOR DE' CONTI;;;Scontro laterale fra veicoli in marcia;Intersezione non regolata/non segnalata;Una carreggiata a doppio senso;Asciutto;Asfaltata;Verticale ed orizzontale;Sereno;Normale;Buona;Ore Diurne;0;0;0;4;12.48782;41.89335;-1;2;Autovettura privata;In marcia / fermata / arresto;Passeggero;M;Illeso;0;;Non accertato;
2042783;1;14/04/2014 13:10;Strada Urbana;LARGO CORRADO RICCI;all'intersezione con;VIA TOR DE' CONTI;VIA TOR DE' CONTI;;;Scontro laterale fra veicoli in marcia;Intersezione non regolata/non segnalata;Una carreggiata a doppio senso;Asciutto;Asfaltata;Verticale ed orizzontale;Sereno;Normale;Buona;Ore Diurne;0;0;0;4;12.48782;41.89335;-1;2;Autovettura privata;In marcia / fermata / arresto;Passeggero;M;Illeso;0;;Non accertato;
2042799;11;16/04/2014 08:00;Strada Urbana;VIALE GUGLIELMO MARCONI;all'intersezione semaforizzata con;PIAZZALE TOMMASO EDISON;PIAZZALE TOMMASO EDISON;;;Tamponamento;Intersezione semaforizzata;Due carreggiate;Asciutto;Asfaltata;Verticale ed orizzontale;Sereno;Normale;Buona;Ore Diurne;0;0;0;2;12.47124;41.85876;-1;1;Autovettura privata;In marcia / fermata / arresto;Conducente;F;Illeso;0;;Non accertato;Inesploso
2042799;11;16/04/2014 08:00;Strada Urbana;VIALE GUGLIELMO MARCONI;all'intersezione semaforizzata con;PIAZZALE TOMMASO EDISON;PIAZZALE TOMMASO EDISON;;;Tamponamento;Intersezione semaforizzata;Due carreggiate;Asciutto;Asfaltata;Verticale ed orizzontale;Sereno;Normale;Buona;Ore Diurne;0;0;0;2;12.47124;41.85876;-1;2;Motociclo a solo;In marcia / fermata / arresto;Conducente;M;Illeso;0;;Non accertato;Inesistente
2042800;11;16/04/2014 08:00;Strada Urbana;VIA DI VIGNA MURATA;in prossimità;;del civico n.;60;;Veicolo in marcia contro veicolo in sosta;Curva a visuale libera;Una carreggiata a doppio senso;Asciutto;Asfaltata;Orizzontale;Sereno;Scarso;Buona;Ore Diurne;1;0;0;0;12.4839175;41.8266762;-1;1;Motociclo con passeggero;In marcia / fermata / arresto;Conducente;M;Ricoverato;0;NON DECEDUTO;Non accertato;Inesistente
2042801;11;16/04/2014 12:00;Strada Urbana;VIA CRISTOFORO COLOMBO;all'intersezione semaforizzata con;VIA LAURENTINA;VIA LAURENTINA;;;Scontro frontale/laterale DX fra veicoli in marcia;Incrocio;Più di due carreggiate;Asciutto;Asfaltata;Verticale ed orizzontale;Sereno;Normale;Buona;Ore Diurne;2;0;0;1;12.4789;41.84606;-1;1;Autovettura privata;In marcia / fermata / arresto;Conducente;M;Illeso;0;;Non accertato;Inesploso
2042801;11;16/04/2014 12:00;Strada Urbana;VIA CRISTOFORO COLOMBO;all'intersezione semaforizzata con;VIA LAURENTINA;VIA LAURENTINA;;;Scontro frontale/laterale DX fra veicoli in marcia;Incrocio;Più di due carreggiate;Asciutto;Asfaltata;Verticale ed orizzontale;Sereno;Normale;Buona;Ore Diurne;2;0;0;1;12.4789;41.84606;-1;2;Motociclo a solo;In marcia / fermata / arresto;Conducente;M;Ricoverato;0;NON DECEDUTO;Non accertato;Inesistente
2042801;11;16/04/2014 12:00;Strada Urbana;VIA CRISTOFORO COLOMBO;all'intersezione semaforizzata con;VIA LAURENTINA;VIA LAURENTINA;;;Scontro frontale/laterale DX fra veicoli in marcia;Incrocio;Più di due carreggiate;Asciutto;Asfaltata;Verticale ed orizzontale;Sereno;Normale;Buona;Ore Diurne;2;0;0;1;12.4789;41.84606;-1;3;Motociclo a solo;In marcia / fermata / arresto;Conducente;M;Rimandato;0;NON DECEDUTO;Non accertato;Inesistente
2042802;11;16/04/2014 14:35;Strada Urbana;VIA ARDEATINA;all'intersezione semaforizzata con;VIA DI TOR CARBONE;VIA DI TOR CARBONE;;;Scontro frontale/laterale DX fra veicoli in marcia;Incrocio;Una carreggiata a doppio senso;Asciutto;Asfaltata;Verticale ed orizzontale;Sereno;Normale;Buona;Ore Diurne;1;0;0;2;12.51835;41.827;-1;1;Autocarro inferiore 35 q.;In marcia / fermata / arresto;Conducente;M;Illeso;0;;Non accertato;Inesploso
2042802;11;16/04/2014 14:35;Strada Urbana;VIA ARDEATINA;all'intersezione semaforizzata con;VIA DI TOR CARBONE;VIA DI TOR CARBONE;;;Scontro frontale/laterale DX fra veicoli in marcia;Incrocio;Una carreggiata a doppio senso;Asciutto;Asfaltata;Verticale ed orizzontale;Sereno;Normale;Buona;Ore Diurne;1;0;0;2;12.51835;41.827;-1;2;Autovettura privata;In marcia / fermata / arresto;Conducente;M;Illeso;0;;Non accertato;Inesploso
2042802;11;16/04/2014 14:35;Strada Urbana;VIA ARDEATINA;all'intersezione semaforizzata con;VIA DI TOR CARBONE;VIA DI TOR CARBONE;;;Scontro frontale/laterale DX fra veicoli in marcia;Incrocio;Una carreggiata a doppio senso;Asciutto;Asfaltata;Verticale ed orizzontale;Sereno;Normale;Buona;Ore Diurne;1;0;0;2;12.51835;41.827;-1;2;Autovettura privata;In marcia / fermata / arresto;Passeggero;F;Rimandato;0;NON DECEDUTO;Non accertato;Inesploso
2042824;1;16/04/2014 06:00;Strada Urbana;LARGO ANGELICUM;in prossimità;;del civico n.;1A;;Veicolo in marcia contro ostacolo fisso;Rettilineo;Una carreggiata a doppio senso;Asciutto;Acciotolata;Verticale ed orizzontale;Sereno;Scarso;Buona;Ore Diurne;0;0;0;1;12.48695;41.89629;-1;1;Autocarro inferiore 35 q.;In marcia / fermata / arresto;Conducente;M;Illeso;0;;Utilizzato;
2042844;2;16/04/2014 14:40;Strada Urbana;CORSO TRIESTE;in prossimità;;del civico n.;191;;Scontro frontale/laterale SX fra veicoli in marcia;Rettilineo;Due carreggiate;Asciutto;Asfaltata;Verticale ed orizzontale;Sereno;Normale;Buona;Ore Diurne;0;0;0;3;12.51564;41.9245;-1;1;Motociclo con passeggero;In marcia / fermata / arresto;Conducente;M;Illeso;0;;Non accertato;
2042844;2;16/04/2014 14:40;Strada Urbana;CORSO TRIESTE;in prossimità;;del civico n.;191;;Scontro frontale/laterale SX fra veicoli in marcia;Rettilineo;Due carreggiate;Asciutto;Asfaltata;Verticale ed orizzontale;Sereno;Normale;Buona;Ore Diurne;0;0;0;3;12.51564;41.9245;-1;1;Motociclo con passeggero;In marcia / fermata / arresto;Passeggero;F;Illeso;0;;Non accertato;
2042844;2;16/04/2014 14:40;Strada Urbana;CORSO TRIESTE;in prossimità;;del civico n.;191;;Scontro frontale/laterale SX fra veicoli in marcia;Rettilineo;Due carreggiate;Asciutto;Asfaltata;Verticale ed orizzontale;Sereno;Normale;Buona;Ore Diurne;0;0;0;3;12.51564;41.9245;-1;2;Autovettura privata;In marcia / fermata / arresto;Conducente;F;Illeso;0;;Non accertato;Inesploso
2042848;6;14/04/2014 15:30;Strada Urbana;VIA SESTIO MENAS;in corrispondenza;;del civico n.;64;;Scontro laterale fra veicoli in marcia;Rettilineo;Una carreggiata a doppio senso;Asciutto;Asfaltata;Assente;Sereno;Scarso;Buona;Ore Diurne;0;0;0;3;12.55154;41.86662;-1;1;Autovettura privata;In marcia / fermata / arresto;Conducente;F;Illeso;0;;Non accertato;Inesistente
2042848;6;14/04/2014 15:30;Strada Urbana;VIA SESTIO MENAS;in corrispondenza;;del civico n.;64;;Scontro laterale fra veicoli in marcia;Rettilineo;Una carreggiata a doppio senso;Asciutto;Asfaltata;Assente;Sereno;Scarso;Buona;Ore Diurne;0;0;0;3;12.55154;41.86662;-1;1;Autovettura privata;In marcia / fermata / arresto;Passeggero;M;Illeso;0;;Non accertato;Inesistente
2042848;6;14/04/2014 15:30;Strada Urbana;VIA SESTIO MENAS;in corrispondenza;;del civico n.;64;;Scontro laterale fra veicoli in marcia;Rettilineo;Una carreggiata a doppio senso;Asciutto;Asfaltata;Assente;Sereno;Scarso;Buona;Ore Diurne;0;0;0;3;12.55154;41.86662;-1;2;Autovettura privata;In marcia / fermata / arresto;Conducente;M;Illeso;0;;Non accertato;Inesistente
2042849;6;16/04/2014 12:30;Strada Urbana;VIA DI ACQUA BULLICANTE;in corrispondenza;;del civico n.;243;;Scontro laterale fra veicoli in marcia;Rettilineo;Due carreggiate;Asciutto;Asfaltata;Orizzontale;Sereno;Normale;Buona;Ore Diurne;0;0;0;3;12.54283;41.88757;-1;1;Autovettura privata;In marcia / fermata / arresto;Conducente;M;Illeso;0;;Non accertato;Inesploso
2042849;6;16/04/2014 12:30;Strada Urbana;VIA DI ACQUA BULLICANTE;in corrispondenza;;del civico n.;243;;Scontro laterale fra veicoli in marcia;Rettilineo;Due carreggiate;Asciutto;Asfaltata;Orizzontale;Sereno;Normale;Buona;Ore Diurne;0;0;0;3;12.54283;41.88757;-1;2;Autovettura privata;In marcia / fermata / arresto;Conducente;M;Illeso;0;;Non accertato;Inesploso
2042849;6;16/04/2014 12:30;Strada Urbana;VIA DI ACQUA BULLICANTE;in corrispondenza;;del civico n.;243;;Scontro laterale fra veicoli in marcia;Rettilineo;Due carreggiate;Asciutto;Asfaltata;Orizzontale;Sereno;Normale;Buona;Ore Diurne;0;0;0;3;12.54283;41.88757;-1;2;Autovettura privata;In marcia / fermata / arresto;Passeggero;M;Illeso;0;;Non accertato;Esploso
2042850;6;16/04/2014 15:30;Strada Urbana;VIA GIACOMO BRESADOLA;da specificare;;;;fronte civico 3;Veicolo in marcia contro veicoli in sosta;Rettilineo;Una carreggiata a senso unico di marcia;Asciutto;Asfaltata;Assente;Sereno;Normale;Buona;Ore Diurne;1;0;0;0;12.56074;41.89454;-1;1;Autovettura privata;In marcia / fermata / arresto;Conducente;F;Rifiuta cure immediate;0;NON DECEDUTO;Non accertato;Esploso
2042857;2;16/04/2014 16:30;Strada Urbana;VIALE DEL MURO TORTO;in prossimità;;del palo luce n.;10;;Tamponamento Multiplo;Rettilineo;Due carreggiate;Asciutto;Asfaltata;Verticale ed orizzontale;Sereno;Intenso;Buona;Ore Diurne;0;0;0;4;12.4862;41.90878;-1;1;Autovettura di polizia;In marcia / fermata / arresto;Conducente;M;Illeso;0;;Non accertato;Inesploso
2042857;2;16/04/2014 16:30;Strada Urbana;VIALE DEL MURO TORTO;in prossimità;;del palo luce n.;10;;Tamponamento Multiplo;Rettilineo;Due carreggiate;Asciutto;Asfaltata;Verticale ed orizzontale;Sereno;Intenso;Buona;Ore Diurne;0;0;0;4;12.4862;41.90878;-1;1;Autovettura di polizia;In marcia / fermata / arresto;Passeggero;M;Illeso;0;;Non accertato;Inesploso
2042857;2;16/04/2014 16:30;Strada Urbana;VIALE DEL MURO TORTO;in prossimità;;del palo luce n.;10;;Tamponamento Multiplo;Rettilineo;Due carreggiate;Asciutto;Asfaltata;Verticale ed orizzontale;Sereno;Intenso;Buona;Ore Diurne;0;0;0;4;12.4862;41.90878;-1;2;Autocarro inferiore 35 q.;In marcia / fermata / arresto;Conducente;M;Illeso;0;;Non accertato;Esploso
2042857;2;16/04/2014 16:30;Strada Urbana;VIALE DEL MURO TORTO;in prossimità;;del palo luce n.;10;;Tamponamento Multiplo;Rettilineo;Due carreggiate;Asciutto;Asfaltata;Verticale ed orizzontale;Sereno;Intenso;Buona;Ore Diurne;0;0;0;4;12.4862;41.90878;-1;3;Autovettura privata;In marcia / fermata / arresto;Conducente;M;Illeso;0;;Non accertato;Inesploso
2042862;19;16/04/2014 12:00;Strada Urbana;VIA DI TORREVECCHIA;all'intersezione con;VIA LEONARDO BIANCHI;VIA LEONARDO BIANCHI;;;Scontro frontale/laterale DX fra veicoli in marcia;Intersezione non regolata/non segnalata;Una carreggiata a doppio senso;Asciutto;Asfaltata;Assente;Sereno;Normale;Buona;Ore Diurne;1;0;0;2;12.42241;41.93625;-1;1;Autovettura privata;In marcia / fermata / arresto;Conducente;M;Illeso;0;;Non accertato;Inesistente
2042862;19;16/04/2014 12:00;Strada Urbana;VIA DI TORREVECCHIA;all'intersezione con;VIA LEONARDO BIANCHI;VIA LEONARDO BIANCHI;;;Scontro frontale/laterale DX fra veicoli in marcia;Intersezione non regolata/non segnalata;Una carreggiata a doppio senso;Asciutto;Asfaltata;Assente;Sereno;Normale;Buona;Ore Diurne;1;0;0;2;12.42241;41.93625;-1;1;Autovettura privata;In marcia / fermata / arresto;Passeggero;M;Illeso;0;;Non accertato;Inesistente
2042862;19;16/04/2014 12:00;Strada Urbana;VIA DI TORREVECCHIA;all'intersezione con;VIA LEONARDO BIANCHI;VIA LEONARDO BIANCHI;;;Scontro frontale/laterale DX fra veicoli in marcia;Intersezione non regolata/non segnalata;Una carreggiata a doppio senso;Asciutto;Asfaltata;Assente;Sereno;Normale;Buona;Ore Diurne;1;0;0;2;12.42241;41.93625;-1;2;Motociclo a solo;In marcia / fermata / arresto;Conducente;M;Rimandato;0;NON DECEDUTO;Non accertato;Inesistente
2042956;10;16/04/2014 19:30;Strada Urbana;VIA ERENNIO MODESTINO;in prossimità;;del civico n.;15/19;;Tamponamento;Rettilineo;Una carreggiata a doppio senso;Asciutto;Asfaltata;Assente;Sereno;Scarso;Buona;Ore Diurne;0;0;0;3;12.54966;41.8642;-1;1;Autovettura privata;In marcia / fermata / arresto;Conducente;M;Illeso;0;;Non accertato;Inesploso
2042956;10;16/04/2014 19:30;Strada Urbana;VIA ERENNIO MODESTINO;in prossimità;;del civico n.;15/19;;Tamponamento;Rettilineo;Una carreggiata a doppio senso;Asciutto;Asfaltata;Assente;Sereno;Scarso;Buona;Ore Diurne;0;0;0;3;12.54966;41.8642;-1;1;Autovettura privata;In marcia / fermata / arresto;Passeggero;F;Illeso;0;;Non accertato;Inesploso
2042956;10;16/04/2014 19:30;Strada Urbana;VIA ERENNIO MODESTINO;in prossimità;;del civico n.;15/19;;Tamponamento;Rettilineo;Una carreggiata a doppio senso;Asciutto;Asfaltata;Assente;Sereno;Scarso;Buona;Ore Diurne;0;0;0;3;12.54966;41.8642;-1;2;Autovettura privata;In marcia / fermata / arresto;Conducente;F;Illeso;0;;Non accertato;Inesploso