Protocollo;Gruppo;DataOraIncidente;Localizzazione1;STRADA1;Localizzazione2;STRADA2;Strada02;Chilometrica;DaSpecificare;NaturaIncidente;particolaritastrade;TipoStrada;FondoStradale;Pavimentazione;Segnaletica;CondizioneAtmosferica;Traffico;Visibilita;Illuminazione;NUM_FERITI;NUM_RISERVATA;NUM_MORTI;NUM_ILLESI;Longitudine;Latitudine;Confermato;Progressivo;TipoVeicolo;StatoVeicolo;TipoPersona;Sesso;Tipolesione;Deceduto;DecedutoDopo;CinturaCascoUtilizzato;Airbag
2047182;1;23/04/2014 13:40;Strada Urbana;LUNGOTEVERE DEI TEBALDI;in prossimità;;del palo luce n.;5;;Tamponamento Multiplo;Rettilineo;Una carreggiata a senso unico di marcia;Asciutto;Asfaltata;Verticale ed orizzontale;Sereno;Intenso;Buona;Ore Diurne;0;0;0;6;12.46865;41.89484;-1;2;Autovettura privata;In marcia / fermata / arresto;Passeggero;M;Illeso;0;;Non accertato;
2047182;1;23/04/2014 13:40;Strada Urbana;LUNGOTEVERE DEI TEBALDI;in prossimità;;del palo luce n.;5;;Tamponamento Multiplo;Rettilineo;Una carreggiata a senso unico di marcia;Asciutto;Asfaltata;Verticale ed orizzontale;Sereno;Intenso;Buona;Ore Diurne;0;0;0;6;12.46865;41.89484;-1;3;Autovettura privata;In marcia / fermata / arresto;Conducente;M;Illeso;0;;Non accertato;
2047182;1;23/04/2014 13:40;Strada Urbana;LUNGOTEVERE DEI TEBALDI;in prossimità;;del palo luce n.;5;;Tamponamento Multiplo;Rettilineo;Una carreggiata a senso unico di marcia;Asciutto;Asfaltata;Verticale ed orizzontale;Sereno;Intenso;Buona;Ore Diurne;0;0;0;6;12.46865;41.89484;-1;4;Autovettura privata;In marcia / fermata / arresto;Conducente;M;Illeso;0;;Non accertato;
2047182;1;23/04/2014 13:40;Strada Urbana;LUNGOTEVERE DEI TEBALDI;in prossimità;;del palo luce n.;5;;Tamponamento Multiplo;Rettilineo;Una carreggiata a senso unico di marcia;Asciutto;Asfaltata;Verticale ed orizzontale;Sereno;Intenso;Buona;Ore Diurne;0;0;0;6;12.46865;41.89484;-1;4;Autovettura privata;In marcia / fermata / arresto;Passeggero;M;Illeso;0;;Non accertato;
2047188;7;23/04/2014 11:30;Strada Urbana;VIA DEI FRASSINI;in corrispondenza;;del civico n.;6;;Veicolo in marcia contro ostacolo fisso;Rettilineo;Una carreggiata a senso unico di marcia;Asciutto;Asfaltata;Orizzontale;Sereno;Normale;Buona;Ore Diurne;0;0;0;1;12.56781;41.87811;-1;1;Autovettura privata;In marcia / fermata / arresto;Conducente;M;Illeso;0;;;
2047189;2;24/04/2014 08:35;Strada Urbana;VIA GIUSEPPE MANGILI;all'intersezione con;PIAZZALE DON GIOVANNI MINZONI;PIAZZALE DON GIOVANNI MINZONI;;;Scontro laterale fra veicoli in marcia;Incrocio;Una carreggiata a senso unico di marcia;Asciutto;Asfaltata;Verticale ed orizzontale;Sereno;Normale;Buona;Ore Diurne;0;0;0;3;12.48059;41.92067;-1;1;Autovettura privata;In marcia / fermata / arresto;Conducente;M;Illeso;0;;Non accertato;Inesploso
2047189;2;24/04/2014 08:35;Strada Urbana;VIA GIUSEPPE MANGILI;all'intersezione con;PIAZZALE DON GIOVANNI MINZONI;PIAZZALE DON GIOVANNI MINZONI;;;Scontro laterale fra veicoli in marcia;Incrocio;Una carreggiata a senso unico di marcia;Asciutto;Asfaltata;Verticale ed orizzontale;Sereno;Normale;Buona;Ore Diurne;0;0;0;3;12.48059;41.92067;-1;2;Autovettura privata;In marcia / fermata / arresto;Conducente;M;Illeso;0;;Non accertato;Inesploso
2047189;2;24/04/2014 08:35;Strada Urbana;VIA GIUSEPPE MANGILI;all'intersezione con;PIAZZALE DON GIOVANNI MINZONI;PIAZZALE DON GIOVANNI MINZONI;;;Scontro laterale fra veicoli in marcia;Incrocio;Una carreggiata a senso unico di marcia;Asciutto;Asfaltata;Verticale ed orizzontale;Sereno;Normale;Buona;Ore Diurne;0;0;0;3;12.48059;41.92067;-1;2;Autovettura privata;In marcia / fermata / arresto;Passeggero;M;Illeso;0;;Non accertato;Inesploso
2047197;2;08/04/2014 14:30;Strada Urbana;PIAZZA FIUME;da specificare;;;;prossimità altezza di Via Nizza;Ribaltamento senza urto contro ostacolo fisso;Rettilineo;Una carreggiata a senso unico di marcia;Asciutto;Asfaltata;Verticale ed orizzontale;Sereno;Normale;Buona;Ore Diurne;1;0;0;0;12.4985;41.9111;-1;1;Motociclo a solo;In marcia / fermata / arresto;Conducente;M;Rimandato;0;NON DECEDUTO;Non accertato;
2047198;13;23/04/2014 09:30;Strada Urbana;VIA SENOFANE;all'intersezione con;VIA CARNEADE;VIA CARNEADE;;;Scontro frontale/laterale DX fra veicoli in marcia;Incrocio;Una carreggiata a doppio senso;Bagnato (pioggia);Asfaltata;Verticale ed orizzontale;Pioggia in atto;Normale;Buona;Ore Diurne;0;0;0;3;12.37045;41.76019;-1;1;Autovettura privata;In marcia / fermata / arresto;Conducente;M;Illeso;0;;Non accertato;Inesploso
2047198;13;23/04/2014 09:30;Strada Urbana;VIA SENOFANE;all'intersezione con;VIA CARNEADE;VIA CARNEADE;;;Scontro frontale/laterale DX fra veicoli in marcia;Incrocio;Una carreggiata a doppio senso;Bagnato (pioggia);Asfaltata;Verticale ed orizzontale;Pioggia in atto;Normale;Buona;Ore Diurne;0;0;0;3;12.37045;41.76019;-1;1;Autovettura privata;In marcia / fermata / arresto;Passeggero;F;Illeso;0;;Non accertato;Inesploso
2047198;13;23/04/2014 09:30;Strada Urbana;VIA SENOFANE;all'intersezione con;VIA CARNEADE;VIA CARNEADE;;;Scontro frontale/laterale DX fra veicoli in marcia;Incrocio;Una carreggiata a doppio senso;Bagnato (pioggia);Asfaltata;Verticale ed orizzontale;Pioggia in atto;Normale;Buona;Ore Diurne;0;0;0;3;12.37045;41.76019;-1;2;Autovettura privata;In marcia / fermata / arresto;Conducente;F;Illeso;0;;Non accertato;Inesploso
2047205;13;23/04/2014 11:40;Comunale extraurbana;VIA OSTIENSE;all'intersezione con;VIA PAVULLO NEL FRIGNANO;VIA PAVULLO NEL FRIGNANO;;;Scontro frontale/laterale SX fra veicoli in marcia;Incrocio;Una carreggiata a doppio senso;Asciutto;Asfaltata;Verticale ed orizzontale;Nuvoloso;Normale;Buona;Ore Diurne;0;0;0;1;12.38363;41.79198;-1;1;Motociclo con passeggero;In marcia / fermata / arresto;Conducente;M;Illeso;0;;Non accertato;
2047206;20;23/04/2014 11:10;Strada Urbana;VIA JONAS EDWARD SALK;in corrispondenza;;del palo luce n.;30;;Veicolo in marcia contro ostacolo fisso;Rettilineo;Una carreggiata a doppio senso;Asciutto;Asfaltata;Verticale ed orizzontale;Nuvoloso;Scarso;Buona;Ore Diurne;1;0;0;0;12.48282;41.98761;-1;1;Autovettura privata;In marcia / fermata / arresto;Conducente;F;Rimandato;0;NON DECEDUTO;Non accertato;Inesploso
2047210;2;23/04/2014 09:00;Strada Urbana;CORSO D'ITALIA;in corrispondenza;;del civico n.;6;;Veicolo in marcia contro ostacolo fisso;Rettilineo;Più di due carreggiate;Bagnato (pioggia);Asfaltata;Orizzontale;Pioggia in atto;Intenso;Buona;Ore Diurne;0;0;0;1;12.49886;41.91056;-1;1;Autovettura privata;In marcia / fermata / arresto;Conducente;F;Illeso;0;;Non accertato;Esploso
2047212;2;23/04/2014 15:00;Strada Urbana;VIA TOMMASO SALVINI;in prossimità;;del civico n.;55;;Veicolo in marcia contro ostacolo accidentale;Curva a visuale libera;Una carreggiata a senso unico di marcia;Asciutto;Con buche;Verticale ed orizzontale;Sereno;Normale;Buona;Ore Diurne;0;0;0;1;12.49195;41.9303762;-1;1;Autovettura privata;In marcia / fermata / arresto;Conducente;M;Illeso;0;;Non accertato;Inesploso
2047215;2;23/04/2014 21:30;Strada Urbana;VIA FOGLIANO;in prossimità;;del civico n.;35;;Veicolo in marcia contro ostacolo fisso;Rettilineo;Una carreggiata a senso unico di marcia;Asciutto;Con buche;Verticale ed orizzontale;Sereno;Scarso;Buona;Sufficiente;0;0;0;2;12.50859;41.92799;-1;1;Motociclo con passeggero;In marcia / fermata / arresto;Conducente;M;Illeso;0;;;
2047215;2;23/04/2014 21:30;Strada Urbana;VIA FOGLIANO;in prossimità;;del civico n.;35;;Veicolo in marcia contro ostacolo fisso;Rettilineo;Una carreggiata a senso unico di marcia;Asciutto;Con buche;Verticale ed orizzontale;Sereno;Scarso;Buona;Sufficiente;0;0;0;2;12.50859;41.92799;-1;1;Motociclo con passeggero;In marcia / fermata / arresto;Passeggero;F;Illeso;0;;Non accertato;
2047228;23;16/04/2014 17:30;Strada Urbana;LUNGOTEVERE IN AUGUSTA;all'intersezione semaforizzata con;PONTE CAVOUR;PONTE CAVOUR;;;Infortunio per caduta del veicolo;Intersezione semaforizzata;Una carreggiata a senso unico di marcia;Viscido da liquidi oleosi;Asfaltata;Verticale ed orizzontale;Sereno;Intenso;Buona;Ore Diurne;1;0;0;0;12.47474;41.90766;-1;1;Motociclo a solo;In marcia / fermata / arresto;Conducente;M;Rifiuta cure immediate;0;NON DECEDUTO;Utilizzato;
2047229;23;16/04/2014 17:00;Strada Urbana;VIA TOMACELLI;all'intersezione con;PONTE CAVOUR;PONTE CAVOUR;;;Infortunio per sola frenata improvvisa;Intersezione semaforizzata;Una carreggiata a doppio senso;Viscido da liquidi oleosi;Asfaltata;Verticale ed orizzontale;Sereno;Intenso;Buona;Ore Diurne;1;0;0;0;12.4782;41.90473;-1;1;Motociclo a solo;In marcia / fermata / arresto;Conducente;M;Rifiuta cure immediate;0;NON DECEDUTO;Utilizzato;
2047232;19;24/04/2014 09:00;Strada Urbana;GALLERIA GIOVANNI XXIII;da specificare;;;;km 2,400;Tamponamento Multiplo;Galleria illuminata;Una carreggiata a senso unico di marcia;Asciutto;Asfaltata;Orizzontale;Sereno;Intenso;Buona;Sufficiente;0;0;0;3;12.44403;41.94113;-1;1;Autovettura privata;In marcia / fermata / arresto;Conducente;M;Illeso;0;;Non accertato;Inesploso
2047232;19;24/04/2014 09:00;Strada Urbana;GALLERIA GIOVANNI XXIII;da specificare;;;;km 2,400;Tamponamento Multiplo;Galleria illuminata;Una carreggiata a senso unico di marcia;Asciutto;Asfaltata;Orizzontale;Sereno;Intenso;Buona;Sufficiente;0;0;0;3;12.44403;41.94113;-1;2;Autovettura privata;In marcia / fermata / arresto;Conducente;F;Illeso;0;;Non accertato;Inesploso
2047232;19;24/04/2014 09:00;Strada Urbana;GALLERIA GIOVANNI XXIII;da specificare;;;;km 2,400;Tamponamento Multiplo;Galleria illuminata;Una carreggiata a senso unico di marcia;Asciutto;Asfaltata;Orizzontale;Sereno;Intenso;Buona;Sufficiente;0;0;0;3;12.44403;41.94113;-1;3;Autovettura privata;In marcia / fermata / arresto;Conducente;M;Illeso;0;;Non accertato;Inesploso
2047239;18;22/04/2014 18:40;Strada Urbana;VIA BALDO DEGLI UBALDI;in prossimità;;del civico n.;197;;Tamponamento;Rettilineo;Due carreggiate;Asciutto;Asfaltata;Verticale ed orizzontale;Sereno;Normale;Buona;Ore Diurne;0;0;0;3;12.43623;41.89984;-1;1;Autovettura privata;In marcia / fermata / arresto;Conducente;M;Illeso;0;;Non accertato;Inesploso
2047239;18;22/04/2014 18:40;Strada Urbana;VIA BALDO DEGLI UBALDI;in prossimità;;del civico n.;197;;Tamponamento;Rettilineo;Due carreggiate;Asciutto;Asfaltata;Verticale ed orizzontale;Sereno;Normale;Buona;Ore Diurne;0;0;0;3;12.43623;41.89984;-1;2;Autovettura privata;In marcia / fermata / arresto;Conducente;M;Illeso;0;;Non accertato;Inesploso
2047239;18;22/04/2014 18:40;Strada Urbana;VIA BALDO DEGLI UBALDI;in prossimità;;del civico n.;197;;Tamponamento;Rettilineo;Due carreggiate;Asciutto;Asfaltata;Verticale ed orizzontale;Sereno;Normale;Buona;Ore Diurne;0;0;0;3;12.43623;41.89984;-1;2;Autovettura privata;In marcia / fermata / arresto;Passeggero;F;Illeso;0;;Non accertato;Inesploso
2047248;1;23/04/2014 17:00;Strada Urbana;PIAZZA VENEZIA;da specificare;;;;centro piazza;Infortunio per sola frenata improvvisa;Rotatoria;Una carreggiata a doppio senso;Bagnato (pioggia);In cubetti di porfido;Verticale ed orizzontale;Pioggia in atto;Normale;Buona;Ore Diurne;0;0;0;2;12.48257;41.89577;-1;1;Autovettura pubblica;In marcia / fermata / arresto;Conducente;F;Illeso;0;;Non accertato;Inesploso
2047248;1;23/04/2014 17:00;Strada Urbana;PIAZZA VENEZIA;da specificare;;;;centro piazza;Infortunio per sola frenata improvvisa;Rotatoria;Una carreggiata a doppio senso;Bagnato (pioggia);In cubetti di porfido;Verticale ed orizzontale;Pioggia in atto;Normale;Buona;Ore Diurne;0;0;0;2;12.48257;41.89577;-1;2;Motociclo a solo;In marcia / fermata / arresto;Conducente;M;Illeso;0;;Non accertato;
2047262;1;24/04/2014 01:30;Strada Urbana;PIAZZA DI PORTA S. GIOVANNI;in prossimità;;del palo luce n.;74;;Scontro laterale fra veicoli in marcia;Rettilineo;Una carreggiata a senso unico di marcia;Asciutto;Asfaltata;Verticale ed orizzontale;Sereno;Scarso;Sufficiente;Sufficiente;0;0;0;6;12.50768;41.88665;-1;1;Autocarro inferiore 35 q.;In marcia / fermata / arresto;Conducente;M;Illeso;0;;Non accertato;Inesploso
2047262;1;24/04/2014 01:30;Strada Urbana;PIAZZA DI PORTA S. GIOVANNI;in prossimità;;del palo luce n.;74;;Scontro laterale fra veicoli in marcia;Rettilineo;Una carreggiata a senso unico di marcia;Asciutto;Asfaltata;Verticale ed orizzontale;Sereno;Scarso;Sufficiente;Sufficiente;0;0;0;6;12.50768;41.88665;-1;1;Autocarro inferiore 35 q.;In marcia / fermata / arresto;Passeggero;F;Illeso;0;;Non accertato;Inesploso
2047262;1;24/04/2014 01:30;Strada Urbana;PIAZZA DI PORTA S. GIOVANNI;in prossimità;;del palo luce n.;74;;Scontro laterale fra veicoli in marcia;Rettilineo;Una carreggiata a senso unico di marcia;Asciutto;Asfaltata;Verticale ed orizzontale;Sereno;Scarso;Sufficiente;Sufficiente;0;0;0;6;12.50768;41.88665;-1;2;Autovettura privata;In marcia / fermata / arresto;Conducente;M;Illeso;0;;Non accertato;Inesploso
2047262;1;24/04/2014 01:30;Strada Urbana;PIAZZA DI PORTA S. GIOVANNI;in prossimità;;del palo luce n.;74;;Scontro laterale fra veicoli in marcia;Rettilineo;Una carreggiata a senso unico di marcia;Asciutto;Asfaltata;Verticale ed orizzontale;Sereno;Scarso;Sufficiente;Sufficiente;0;0;0;6;12.50768;41.88665;-1;2;Autovettura privata;In marcia / fermata / arresto;Passeggero;M;Illeso;0;;Non accertato;Inesploso
2047262;1;24/04/2014 01:30;Strada Urbana;PIAZZA DI PORTA S. GIOVANNI;in prossimità;;del palo luce n.;74;;Scontro laterale fra veicoli in marcia;Rettilineo;Una carreggiata a senso unico di marcia;Asciutto;Asfaltata;Verticale ed orizzontale;Sereno;Scarso;Sufficiente;Sufficiente;0;0;0;6;12.50768;41.88665;-1;2;Autovettura privata;In marcia / fermata / arresto;Passeggero;M;Illeso;0;;Non accertato;Inesploso
2047262;1;24/04/2014 01:30;Strada Urbana;PIAZZA DI PORTA S. GIOVANNI;in prossimità;;del palo luce n.;74;;Scontro laterale fra veicoli in marcia;Rettilineo;Una carreggiata a senso unico di marcia;Asciutto;Asfaltata;Verticale ed orizzontale;Sereno;Scarso;Sufficiente;Sufficiente;0;0;0;6;12.50768;41.88665;-1;2;Autovettura privata;In marcia / fermata / arresto;Passeggero;F;Illeso;0;;Non accertato;Inesploso
2047263;18;22/04/2014 19:45;Strada Urbana;VIA PROSPERO SANTACROCE;in corrispondenza;;del civico n.;147;;Veicolo in marcia contro veicoli in sosta;Rettilineo;Una carreggiata a senso unico di marcia;Asciutto;Asfaltata;Assente;Sereno;Scarso;Sufficiente;Sufficiente;0;0;0;1;12.42172;41.90724;-1;4;Autovettura privata;In marcia / fermata / arresto;Conducente;M;Illeso;0;;Non accertato;Inesploso
2047301;1;23/04/2014 00:01;Strada Urbana;VIA DI PORTA MAGGIORE;in prossimità;;del civico n.;91;;Veicolo in marcia contro ostacolo accidentale;Rettilineo;Una carreggiata a doppio senso;Asciutto;Asfaltata;Verticale ed orizzontale;Sereno;Scarso;Buona;Insufficiente;0;0;0;1;12.513667;41.892017;-1;1;Autovettura privata;In marcia / fermata / arresto;Conducente;M;Illeso;0;;Non accertato;Inesploso
2047303;18;23/04/2014 09:30;Strada Urbana;VIA DELLA MADONNA DEL RIPOSO;all'intersezione con;LARGO S. PIO V;LARGO S. PIO V;;;Scontro frontale/laterale SX fra veicoli in marcia;Intersezione stradale segnalata;Una carreggiata a senso unico di marcia;Bagnato (pioggia);Asfaltata;Verticale ed orizzontale;Nuvoloso;Normale;Buona;Ore Diurne;0;0;0;5;12.43198;41.89642;-1;1;Autovettura privata;In marcia / fermata / arresto;Conducente;M;Illeso;0;;Non accertato;Inesploso
2047303;18;23/04/2014 09:30;Strada Urbana;VIA DELLA MADONNA DEL RIPOSO;all'intersezione con;LARGO S. PIO V;LARGO S. PIO V;;;Scontro frontale/laterale SX fra veicoli in marcia;Intersezione stradale segnalata;Una carreggiata a senso unico di marcia;Bagnato (pioggia);Asfaltata;Verticale ed orizzontale;Nuvoloso;Normale;Buona;Ore Diurne;0;0;0;5;12.43198;41.89642;-1;1;Autovettura privata;In marcia / fermata / arresto;Passeggero;M;Illeso;0;;Non accertato;Inesploso
2047303;18;23/04/2014 09:30;Strada Urbana;VIA DELLA MADONNA DEL RIPOSO;all'intersezione con;LARGO S. PIO V;LARGO S. PIO V;;;Scontro frontale/laterale SX fra veicoli in marcia;Intersezione stradale segnalata;Una carreggiata a senso unico di marcia;Bagnato (pioggia);Asfaltata;Verticale ed orizzontale;Nuvoloso;Normale;Buona;Ore Diurne;0;0;0;5;12.43198;41.89642;-1;1;Autovettura privata;In marcia / fermata / arresto;Passeggero;F;Illeso;0;;Non accertato;Inesploso
2047303;18;23/04/2014 09:30;Strada Urbana;VIA DELLA MADONNA DEL RIPOSO;all'intersezione con;LARGO S. PIO V;LARGO S. PIO V;;;Scontro frontale/laterale SX fra veicoli in marcia;Intersezione stradale segnalata;Una carreggiata a senso unico di marcia;Bagnato (pioggia);Asfaltata;Verticale ed orizzontale;Nuvoloso;Normale;Buona;Ore Diurne;0;0;0;5;12.43198;41.89642;-1;2;Autovettura privata;In marcia / fermata / arresto;Conducente;F;Illeso;0;;Non accertato;Inesploso
2047303;18;23/04/2014 09:30;Strada Urbana;VIA DELLA MADONNA DEL RIPOSO;all'intersezione con;LARGO S. PIO V;LARGO S. PIO V;;;Scontro frontale/laterale SX fra veicoli in marcia;Intersezione stradale segnalata;Una carreggiata a senso unico di marcia;Bagnato (pioggia);Asfaltata;Verticale ed orizzontale;Nuvoloso;Normale;Buona;Ore Diurne;0;0;0;5;12.43198;41.89642;-1;2;Autovettura privata;In marcia / fermata / arresto;Passeggero;F;Illeso;0;;Non accertato;Inesploso
2047306;6;24/04/2014 09:45;Strada Urbana;VIA DELLA MARRANELLA;all'intersezione con;VIA BARTOLOMEO PERESTRELLO;VIA BARTOLOMEO PERESTRELLO;;;Scontro frontale/laterale SX fra veicoli in marcia;Intersezione stradale segnalata;Una carreggiata a senso unico di marcia;Asciutto;Asfaltata;Orizzontale;Sereno;Normale;Buona;Ore Diurne;1;0;0;1;12.54223;41.88286;-1;1;Motociclo a solo;In marcia / fermata / arresto;Conducente;M;Rifiuta cure immediate;0;NON DECEDUTO;Non accertato;Inesistente
2047306;6;24/04/2014 09:45;Strada Urbana;VIA DELLA MARRANELLA;all'intersezione con;VIA BARTOLOMEO PERESTRELLO;VIA BARTOLOMEO PERESTRELLO;;;Scontro frontale/laterale SX fra veicoli in marcia;Intersezione stradale segnalata;Una carreggiata a senso unico di marcia;Asciutto;Asfaltata;Orizzontale;Sereno;Normale;Buona;Ore Diurne;1;0;0;1;12.54223;41.88286;-1;2;Autocarro inferiore 35 q.;In marcia / fermata / arresto;Conducente;M;Illeso;0;;Non accertato;Inesistente
2047311;13;24/04/2014 10:10;Strada Urbana;VIA DELLE EBRIDI;da specificare;;;;"altezza entrata mercato ""Appagliatore""";Scontro frontale fra veicoli in marcia;Rettilineo;Due carreggiate;Asciutto;Asfaltata;Assente;Sereno;Normale;Buona;Ore Diurne;0;0;0;4;12.26238;41.7391;-1;1;Autovettura privata;In marcia / fermata / arresto;Conducente;M;Illeso;0;;Non accertato;Inesploso
2047311;13;24/04/2014 10:10;Strada Urbana;VIA DELLE EBRIDI;da specificare;;;;"altezza entrata mercato ""Appagliatore""";Scontro frontale fra veicoli in marcia;Rettilineo;Due carreggiate;Asciutto;Asfaltata;Assente;Sereno;Normale;Buona;Ore Diurne;0;0;0;4;12.26238;41.7391;-1;1;Autovettura privata;In marcia / fermata / arresto;Passeggero;F;Illeso;0;;Non accertato;Inesploso
2047311;13;24/04/2014 10:10;Strada Urbana;VIA DELLE EBRIDI;da specificare;;;;"altezza entrata mercato ""Appagliatore""";Scontro frontale fra veicoli in marcia;Rettilineo;Due carreggiate;Asciutto;Asfaltata;Assente;Sereno;Normale;Buona;Ore Diurne;0;0;0;4;12.26238;41.7391;-1;2;Autovettura privata;In marcia / fermata / arresto;Conducente;M;Illeso;0;;Non accertato;Inesploso
2047311;13;24/04/2014 10:10;Strada Urbana;VIA DELLE EBRIDI;da specificare;;;;"altezza entrata mercato ""Appagliatore""";Scontro frontale fra veicoli in marcia;Rettilineo;Due carreggiate;Asciutto;Asfaltata;Assente;Sereno;Normale;Buona;Ore Diurne;0;0;0;4;12.26238;41.7391;-1;2;Autovettura privata;In marcia / fermata / arresto;Passeggero;F;Illeso;0;;Non accertato;Inesploso
2047322;12;19/04/2014 03:45;Strada Urbana;VIA DELLE COSTELLAZIONI;in prossimità;;del civico n.;305;;Veicolo in marcia contro veicolo in sosta;Rettilineo;Una carreggiata a doppio senso;Asciutto;Asfaltata;Verticale ed orizzontale;Sereno;Scarso;Buona;Sufficiente;0;0;0;1;12.44843;41.81554;-1;1;Autovettura privata;In marcia / fermata / arresto;Conducente;M;Illeso;0;;Utilizzato;Inesploso
2047363;17;23/04/2014 21:40;Strada Urbana;VIA OSTIA;in prossimità;;del civico n.;22;;Veicolo in marcia contro veicolo in sosta;Rettilineo;Una carreggiata a senso unico di marcia;Asciutto;Asfaltata;Verticale ed orizzontale;Sereno;Scarso;Buona;Sufficiente;0;0;0;2;12.45425;41.90936;-1;1;Autovettura privata;In marcia / fermata / arresto;Conducente;F;Illeso;0;;Non accertato;
2047363;17;23/04/2014 21:40;Strada Urbana;VIA OSTIA;in prossimità;;del civico n.;22;;Veicolo in marcia contro veicolo in sosta;Rettilineo;Una carreggiata a senso unico di marcia;Asciutto;Asfaltata;Verticale ed orizzontale;Sereno;Scarso;Buona;Sufficiente;0;0;0;2;12.45425;41.90936;-1;1;Autovettura privata;In marcia / fermata / arresto;Passeggero;F;Illeso;0;;Non accertato;
2047422;1;23/04/2014 14:30;Strada Urbana;LARGO CHIGI;in prossimità;;del civico n.;371;;Scontro frontale fra veicoli in marcia;Rettilineo;Una carreggiata a senso unico di marcia;Asciutto;Asfaltata;Verticale ed orizzontale;Sereno;Intenso;Buona;Ore Diurne;1;0;0;3;12.4803;41.90133;-1;1;Autobus urbano;In marcia / fermata / arresto;Conducente;M;Illeso;0;;Esente;
2047422;1;23/04/2014 14:30;Strada Urbana;LARGO CHIGI;in prossimità;;del civico n.;371;;Scontro frontale fra veicoli in marcia;Rettilineo;Una carreggiata a senso unico di marcia;Asciutto;Asfaltata;Verticale ed orizzontale;Sereno;Intenso;Buona;Ore Diurne;1;0;0;3;12.4803;41.90133;-1;1;Autobus urbano;In marcia / fermata / arresto;Passeggero;M;Illeso;0;;Esente;
2047422;1;23/04/2014 14:30;Strada Urbana;LARGO CHIGI;in prossimità;;del civico n.;371;;Scontro frontale fra veicoli in marcia;Rettilineo;Una carreggiata a senso unico di marcia;Asciutto;Asfaltata;Verticale ed orizzontale;Sereno;Intenso;Buona;Ore Diurne;1;0;0;3;12.4803;41.90133;-1;1;Autobus urbano;In marcia / fermata / arresto;Passeggero;F;Illeso;0;;Esente;
2047422;1;23/04/2014 14:30;Strada Urbana;LARGO CHIGI;in prossimità;;del civico n.;371;;Scontro frontale fra veicoli in marcia;Rettilineo;Una carreggiata a senso unico di marcia;Asciutto;Asfaltata;Verticale ed orizzontale;Sereno;Intenso;Buona;Ore Diurne;1;0;0;3;12.4803;41.90133;-1;2;Velocipede;In marcia / fermata / arresto;Conducente;M;Rimandato;0;NON DECEDUTO;Esente;
2047424;17;23/04/2014 09:30;Strada Urbana;VIA TRIONFALE;all'intersezione con;VIA TOMMASO CAMPANELLA;VIA TOMMASO CAMPANELLA;;;Scontro frontale/laterale SX fra veicoli in marcia;Incrocio;Una carreggiata a senso unico di marcia;Bagnato (umidità in atto);Asfaltata;Verticale ed orizzontale;Nuvoloso;Normale;Buona;Ore Diurne;1;0;0;4;12.45388;41.91111;-1;1;Autovettura privata;In marcia / fermata / arresto;Conducente;M;Illeso;0;;Non accertato;Inesistente
2047424;17;23/04/2014 09:30;Strada Urbana;VIA TRIONFALE;all'intersezione con;VIA TOMMASO CAMPANELLA;VIA TOMMASO CAMPANELLA;;;Scontro frontale/laterale SX fra veicoli in marcia;Incrocio;Una carreggiata a senso unico di marcia;Bagnato (umidità in atto);Asfaltata;Verticale ed orizzontale;Nuvoloso;Normale;Buona;Ore Diurne;1;0;0;4;12.45388;41.91111;-1;1;Autovettura privata;In marcia / fermata / arresto;Passeggero;F;Illeso;0;;;
2047424;17;23/04/2014 09:30;Strada Urbana;VIA TRIONFALE;all'intersezione con;VIA TOMMASO CAMPANELLA;VIA TOMMASO CAMPANELLA;;;Scontro frontale/laterale SX fra veicoli in marcia;Incrocio;Una carreggiata a senso unico di marcia;Bagnato (umidità in atto);Asfaltata;Verticale ed orizzontale;Nuvoloso;Normale;Buona;Ore Diurne;1;0;0;4;12.45388;41.91111;-1;1;Autovettura privata;In marcia / fermata / arresto;Passeggero;M;Illeso;0;;;
2047424;17;23/04/2014 09:30;Strada Urbana;VIA TRIONFALE;all'intersezione con;VIA TOMMASO CAMPANELLA;VIA TOMMASO CAMPANELLA;;;Scontro frontale/laterale SX fra veicoli in marcia;Incrocio;Una carreggiata a senso unico di marcia;Bagnato (umidità in atto);Asfaltata;Verticale ed orizzontale;Nuvoloso;Normale;Buona;Ore Diurne;1;0;0;4;12.45388;41.91111;-1;2;Autovettura di polizia;In marcia / fermata / arresto;Conducente;M;Ricoverato;0;NON DECEDUTO;;
2047424;17;23/04/2014 09:30;Strada Urbana;VIA TRIONFALE;all'intersezione con;VIA TOMMASO CAMPANELLA;VIA TOMMASO CAMPANELLA;;;Scontro frontale/laterale SX fra veicoli in marcia;Incrocio;Una carreggiata a senso unico di marcia;Bagnato (umidità in atto);Asfaltata;Verticale ed orizzontale;Nuvoloso;Normale;Buona;Ore Diurne;1;0;0;4;12.45388;41.91111;-1;2;Autovettura di polizia;In marcia / fermata / arresto;Passeggero;M;Illeso;0;;;