Protocollo;Gruppo;DataOraIncidente;Localizzazione1;STRADA1;Localizzazione2;STRADA2;Strada02;Chilometrica;DaSpecificare;NaturaIncidente;particolaritastrade;TipoStrada;FondoStradale;Pavimentazione;Segnaletica;CondizioneAtmosferica;Traffico;Visibilita;Illuminazione;NUM_FERITI;NUM_RISERVATA;NUM_MORTI;NUM_ILLESI;Longitudine;Latitudine;Confermato;Progressivo;TipoVeicolo;StatoVeicolo;TipoPersona;Sesso;Tipolesione;Deceduto;DecedutoDopo;CinturaCascoUtilizzato;Airbag
2047695;20;24/04/2014 18:10;Strada Urbana;GALLERIA GIOVANNI XXIII;da specificare;;;;DIREZIONE PINETA SACCHETTI PROSSIMITA' USCITA;Scontro laterale fra veicoli in marcia;Galleria illuminata;Una carreggiata a senso unico di marcia;Asciutto;Asfaltata;Verticale ed orizzontale;Sereno;Normale;Buona;Ore Diurne;1;0;0;2;12.44462;41.94111;-1;2;Motociclo a solo;In marcia / fermata / arresto;Conducente;M;Rimandato;0;NON DECEDUTO;Non accertato;Inesistente
2047698;20;24/04/2014 09:20;Strada Urbana;VIALE DI TOR DI QUINTO;da specificare;;;;dir. GRA corsia centrale alt. via del Baiardo;Scontro laterale fra veicoli in marcia;Rettilineo;Più di due carreggiate;Asciutto;Asfaltata;Verticale ed orizzontale;Sereno;Normale;Buona;Ore Diurne;0;0;0;3;12.4813;41.94088;-1;1;Autovettura privata;In marcia / fermata / arresto;Conducente;M;Illeso;0;;Non accertato;Inesploso
2047698;20;24/04/2014 09:20;Strada Urbana;VIALE DI TOR DI QUINTO;da specificare;;;;dir. GRA corsia centrale alt. via del Baiardo;Scontro laterale fra veicoli in marcia;Rettilineo;Più di due carreggiate;Asciutto;Asfaltata;Verticale ed orizzontale;Sereno;Normale;Buona;Ore Diurne;0;0;0;3;12.4813;41.94088;-1;1;Autovettura privata;In marcia / fermata / arresto;Passeggero;M;Illeso;0;;Non accertato;Inesploso
2047698;20;24/04/2014 09:20;Strada Urbana;VIALE DI TOR DI QUINTO;da specificare;;;;dir. GRA corsia centrale alt. via del Baiardo;Scontro laterale fra veicoli in marcia;Rettilineo;Più di due carreggiate;Asciutto;Asfaltata;Verticale ed orizzontale;Sereno;Normale;Buona;Ore Diurne;0;0;0;3;12.4813;41.94088;-1;2;Autovettura privata;In marcia / fermata / arresto;Conducente;M;Illeso;0;;Non accertato;Inesploso
2047724;13;24/04/2014 16:35;Strada Urbana;VIA ISOLE SALOMONE;all'intersezione con;VIA DELLE CAROLINE;VIA DELLE CAROLINE;;;Scontro frontale/laterale DX fra veicoli in marcia;Incrocio;Una carreggiata a doppio senso;Asciutto;Asfaltata;Verticale ed orizzontale;Sereno;Normale;Buona;Ore Diurne;1;0;0;3;12.2764;41.74038;-1;1;Autovettura privata;In marcia / fermata / arresto;Conducente;M;Illeso;0;;Non accertato;Inesploso
2047724;13;24/04/2014 16:35;Strada Urbana;VIA ISOLE SALOMONE;all'intersezione con;VIA DELLE CAROLINE;VIA DELLE CAROLINE;;;Scontro frontale/laterale DX fra veicoli in marcia;Incrocio;Una carreggiata a doppio senso;Asciutto;Asfaltata;Verticale ed orizzontale;Sereno;Normale;Buona;Ore Diurne;1;0;0;3;12.2764;41.74038;-1;1;Autovettura privata;In marcia / fermata / arresto;Passeggero;F;Illeso;0;;Non accertato;Inesploso
2047724;13;24/04/2014 16:35;Strada Urbana;VIA ISOLE SALOMONE;all'intersezione con;VIA DELLE CAROLINE;VIA DELLE CAROLINE;;;Scontro frontale/laterale DX fra veicoli in marcia;Incrocio;Una carreggiata a doppio senso;Asciutto;Asfaltata;Verticale ed orizzontale;Sereno;Normale;Buona;Ore Diurne;1;0;0;3;12.2764;41.74038;-1;2;Autovettura privata;In marcia / fermata / arresto;Conducente;M;Rimandato;0;NON DECEDUTO;Non accertato;Inesploso
2047724;13;24/04/2014 16:35;Strada Urbana;VIA ISOLE SALOMONE;all'intersezione con;VIA DELLE CAROLINE;VIA DELLE CAROLINE;;;Scontro frontale/laterale DX fra veicoli in marcia;Incrocio;Una carreggiata a doppio senso;Asciutto;Asfaltata;Verticale ed orizzontale;Sereno;Normale;Buona;Ore Diurne;1;0;0;3;12.2764;41.74038;-1;2;Autovettura privata;In marcia / fermata / arresto;Passeggero;F;Illeso;0;;Non accertato;Inesploso
2047747;20;25/04/2014 02:30;Strada Urbana;GALLERIA GIOVANNI XXIII;da specificare;;;;prossimità uscita Pineta Sacchetti;Veicolo in marcia contro ostacolo fisso;Galleria illuminata;Una carreggiata a senso unico di marcia;Asciutto;Asfaltata;Verticale ed orizzontale;Sereno;Scarso;Buona;Sufficiente;0;0;0;1;12.44462;41.94111;-1;1;Autovettura privata;In marcia / fermata / arresto;Conducente;M;Illeso;0;;Non accertato;
2047762;13;24/04/2014 18:15;Strada Urbana;VIA DELL'IDROSCALO;in prossimità;;del civico n.;63;;Scontro frontale fra veicoli in marcia;Rettilineo;Una carreggiata a doppio senso;Asciutto;Asfaltata;Orizzontale;Nuvoloso;Normale;Buona;Ore Diurne;3;0;0;0;12.25963;41.73855;-1;1;Autovettura privata;In marcia / fermata / arresto;Conducente;F;Rimandato;0;NON DECEDUTO;Non accertato;Esploso
2047762;13;24/04/2014 18:15;Strada Urbana;VIA DELL'IDROSCALO;in prossimità;;del civico n.;63;;Scontro frontale fra veicoli in marcia;Rettilineo;Una carreggiata a doppio senso;Asciutto;Asfaltata;Orizzontale;Nuvoloso;Normale;Buona;Ore Diurne;3;0;0;0;12.25963;41.73855;-1;1;Autovettura privata;In marcia / fermata / arresto;Passeggero;F;Rimandato;0;NON DECEDUTO;Non accertato;Esploso
2047762;13;24/04/2014 18:15;Strada Urbana;VIA DELL'IDROSCALO;in prossimità;;del civico n.;63;;Scontro frontale fra veicoli in marcia;Rettilineo;Una carreggiata a doppio senso;Asciutto;Asfaltata;Orizzontale;Nuvoloso;Normale;Buona;Ore Diurne;3;0;0;0;12.25963;41.73855;-1;2;Autovettura privata;In marcia / fermata / arresto;Conducente;M;Rimandato;0;NON DECEDUTO;Non accertato;Inesploso
2047774;13;24/04/2014 18:00;Strada Urbana;VIA STEZZANO;in prossimità;;del civico n.;61;;Scontro frontale/laterale SX fra veicoli in marcia;Rettilineo;Una carreggiata a doppio senso;Asciutto;Asfaltata;Assente;Sereno;Scarso;Sufficiente;Ore Diurne;1;0;0;2;12.3734258;41.7850062;-1;1;Autovettura privata;In marcia / fermata / arresto;Conducente;M;Illeso;0;;Non accertato;Inesploso
2047774;13;24/04/2014 18:00;Strada Urbana;VIA STEZZANO;in prossimità;;del civico n.;61;;Scontro frontale/laterale SX fra veicoli in marcia;Rettilineo;Una carreggiata a doppio senso;Asciutto;Asfaltata;Assente;Sereno;Scarso;Sufficiente;Ore Diurne;1;0;0;2;12.3734258;41.7850062;-1;2;Motociclo con passeggero;In marcia / fermata / arresto;Conducente;M;Rimandato;0;NON DECEDUTO;Non accertato;
2047774;13;24/04/2014 18:00;Strada Urbana;VIA STEZZANO;in prossimità;;del civico n.;61;;Scontro frontale/laterale SX fra veicoli in marcia;Rettilineo;Una carreggiata a doppio senso;Asciutto;Asfaltata;Assente;Sereno;Scarso;Sufficiente;Ore Diurne;1;0;0;2;12.3734258;41.7850062;-1;2;Motociclo con passeggero;In marcia / fermata / arresto;Passeggero;M;Illeso;0;;Non accertato;
2047777;13;24/04/2014 17:00;Strada Urbana;PIAZZA S. LEONARDO DA PORTO MAURIZIO;in corrispondenza;;del civico n.;18;;Scontro laterale fra veicoli in marcia;Rettilineo;Una carreggiata a senso unico di marcia;Asciutto;Asfaltata;Orizzontale;Sereno;Normale;Buona;Ore Diurne;0;0;0;3;12.36546;41.78294;-1;1;Autovettura privata;In marcia / fermata / arresto;Conducente;M;Illeso;0;;Non accertato;Inesploso
2047777;13;24/04/2014 17:00;Strada Urbana;PIAZZA S. LEONARDO DA PORTO MAURIZIO;in corrispondenza;;del civico n.;18;;Scontro laterale fra veicoli in marcia;Rettilineo;Una carreggiata a senso unico di marcia;Asciutto;Asfaltata;Orizzontale;Sereno;Normale;Buona;Ore Diurne;0;0;0;3;12.36546;41.78294;-1;2;Autovettura privata;In marcia / fermata / arresto;Passeggero;F;Illeso;0;;Non accertato;Inesploso
2047777;13;24/04/2014 17:00;Strada Urbana;PIAZZA S. LEONARDO DA PORTO MAURIZIO;in corrispondenza;;del civico n.;18;;Scontro laterale fra veicoli in marcia;Rettilineo;Una carreggiata a senso unico di marcia;Asciutto;Asfaltata;Orizzontale;Sereno;Normale;Buona;Ore Diurne;0;0;0;3;12.36546;41.78294;-1;2;Autovettura privata;In marcia / fermata / arresto;Conducente;M;Illeso;0;;Non accertato;Inesploso
2047787;20;24/04/2014 21:50;Strada Urbana;VIA FORNACI DI TOR DI QUINTO;da specificare;;;;inizio pista ciclabile fronte Circolo Rai;Scontro laterale fra veicoli in marcia;Pendenza;Una carreggiata a doppio senso;Asciutto;Asfaltata;Verticale ed orizzontale;Sereno;Normale;Sufficiente;Inesistente;0;0;0;3;12.48411;41.93889;-1;1;Autovettura privata;In marcia / fermata / arresto;Conducente;F;Illeso;0;;Non accertato;Inesploso
2047787;20;24/04/2014 21:50;Strada Urbana;VIA FORNACI DI TOR DI QUINTO;da specificare;;;;inizio pista ciclabile fronte Circolo Rai;Scontro laterale fra veicoli in marcia;Pendenza;Una carreggiata a doppio senso;Asciutto;Asfaltata;Verticale ed orizzontale;Sereno;Normale;Sufficiente;Inesistente;0;0;0;3;12.48411;41.93889;-1;1;Autovettura privata;In marcia / fermata / arresto;Passeggero;F;Illeso;0;;Non accertato;Inesploso
2047787;20;24/04/2014 21:50;Strada Urbana;VIA FORNACI DI TOR DI QUINTO;da specificare;;;;inizio pista ciclabile fronte Circolo Rai;Scontro laterale fra veicoli in marcia;Pendenza;Una carreggiata a doppio senso;Asciutto;Asfaltata;Verticale ed orizzontale;Sereno;Normale;Sufficiente;Inesistente;0;0;0;3;12.48411;41.93889;-1;2;Autovettura privata;In marcia / fermata / arresto;Conducente;M;Illeso;0;;Non accertato;Inesploso
2047854;20;24/04/2014 19:00;Regionale;VIA FLAMINIA;da specificare;;;;dir. Riano nel tratto dalla stz. Montebello km 15;Veicolo in marcia contro ostacolo accidentale;Rettilineo;Una carreggiata a senso unico di marcia;Asciutto;Asfaltata;Verticale ed orizzontale;Sereno;Normale;Insufficiente;Ore Diurne;0;0;0;4;12.48857;42.01274;-1;1;Autovettura privata;In marcia / fermata / arresto;Conducente;M;Illeso;0;;Non accertato;Inesploso
2047854;20;24/04/2014 19:00;Regionale;VIA FLAMINIA;da specificare;;;;dir. Riano nel tratto dalla stz. Montebello km 15;Veicolo in marcia contro ostacolo accidentale;Rettilineo;Una carreggiata a senso unico di marcia;Asciutto;Asfaltata;Verticale ed orizzontale;Sereno;Normale;Insufficiente;Ore Diurne;0;0;0;4;12.48857;42.01274;-1;1;Autovettura privata;In marcia / fermata / arresto;Passeggero;M;Illeso;0;;Non accertato;Inesistente
2047854;20;24/04/2014 19:00;Regionale;VIA FLAMINIA;da specificare;;;;dir. Riano nel tratto dalla stz. Montebello km 15;Veicolo in marcia contro ostacolo accidentale;Rettilineo;Una carreggiata a senso unico di marcia;Asciutto;Asfaltata;Verticale ed orizzontale;Sereno;Normale;Insufficiente;Ore Diurne;0;0;0;4;12.48857;42.01274;-1;1;Autovettura privata;In marcia / fermata / arresto;Passeggero;M;Illeso;0;;Non accertato;Inesistente
2047854;20;24/04/2014 19:00;Regionale;VIA FLAMINIA;da specificare;;;;dir. Riano nel tratto dalla stz. Montebello km 15;Veicolo in marcia contro ostacolo accidentale;Rettilineo;Una carreggiata a senso unico di marcia;Asciutto;Asfaltata;Verticale ed orizzontale;Sereno;Normale;Insufficiente;Ore Diurne;0;0;0;4;12.48857;42.01274;-1;1;Autovettura privata;In marcia / fermata / arresto;Passeggero;M;Illeso;0;;Non accertato;Inesistente
2047889;8;24/04/2014 07:45;Strada Urbana;VIA CONTESSA ENTELLINA;all'intersezione con;VIA CALTAVUTURO;VIA CALTAVUTURO;;;Veicolo in marcia contro ostacolo fisso;Incrocio;Una carreggiata a doppio senso;Asciutto;Asfaltata;Verticale;Sereno;Scarso;Buona;Ore Diurne;2;0;0;0;12.67108;41.86801;-1;1;Autovettura privata;In marcia / fermata / arresto;Conducente;M;Rifiuta cure immediate;0;NON DECEDUTO;Non accertato;Esploso
2047889;8;24/04/2014 07:45;Strada Urbana;VIA CONTESSA ENTELLINA;all'intersezione con;VIA CALTAVUTURO;VIA CALTAVUTURO;;;Veicolo in marcia contro ostacolo fisso;Incrocio;Una carreggiata a doppio senso;Asciutto;Asfaltata;Verticale;Sereno;Scarso;Buona;Ore Diurne;2;0;0;0;12.67108;41.86801;-1;1;Autovettura privata;In marcia / fermata / arresto;Passeggero;M;Rifiuta cure immediate;0;NON DECEDUTO;Non accertato;Esploso
2047896;8;24/04/2014 11:00;Strada Urbana;VIA CASILINA;all'intersezione con;VIA SERRADIFALCO;VIA SERRADIFALCO;;;Scontro frontale/laterale SX fra veicoli in marcia;Incrocio;Una carreggiata a doppio senso;Asciutto;Asfaltata;Verticale ed orizzontale;Sereno;Normale;Buona;Ore Diurne;0;0;0;1;12.69151;41.8637;-1;1;Autovettura privata;In marcia / fermata / arresto;Conducente;M;Illeso;0;;Non accertato;Inesploso
2047897;8;24/04/2014 11:20;Strada Urbana;VIA DI TOR VERGATA;da specificare;;;;innesto V.le Oxford;Scontro laterale fra veicoli in marcia;Curva a visuale libera;Una carreggiata a senso unico di marcia;Asciutto;Asfaltata;Verticale ed orizzontale;Sereno;Normale;Buona;Ore Diurne;1;0;0;1;12.62636;41.85697;-1;1;Autovettura privata;In marcia / fermata / arresto;Conducente;F;Rifiuta cure immediate;0;NON DECEDUTO;Non accertato;Inesploso
2047897;8;24/04/2014 11:20;Strada Urbana;VIA DI TOR VERGATA;da specificare;;;;innesto V.le Oxford;Scontro laterale fra veicoli in marcia;Curva a visuale libera;Una carreggiata a senso unico di marcia;Asciutto;Asfaltata;Verticale ed orizzontale;Sereno;Normale;Buona;Ore Diurne;1;0;0;1;12.62636;41.85697;-1;2;Autovettura privata;In marcia / fermata / arresto;Conducente;F;Illeso;0;;Non accertato;Inesploso
2047899;8;24/04/2014 11:30;Strada Urbana;VIA DI TOR BELLA MONACA;da specificare;;;;area parcheggio Pewex alt.za civ. 461;Veicolo in marcia contro veicoli in sosta;Rettilineo;Una carreggiata a doppio senso;Asciutto;Asfaltata;Assente;Sereno;Normale;Buona;Ore Diurne;0;0;0;1;12.63459;41.87043;-1;2;Autovettura privata;In marcia / fermata / arresto;Conducente;F;Illeso;0;;Non accertato;Inesploso
2047902;8;24/04/2014 18:45;Strada Urbana;VIA GIARRATANA;in prossimità;;del civico n.;13;;Veicolo in marcia contro ostacolo accidentale;Rettilineo;Una carreggiata a doppio senso;Asciutto;Asfaltata;Assente;Sereno;Scarso;Buona;Ore Diurne;0;0;0;1;12.65795;41.86686;-1;1;Autovettura privata;In marcia / fermata / arresto;Conducente;M;Illeso;0;;Non accertato;Inesploso
2047930;11;23/04/2014 15:20;Strada Urbana;PIAZZA DEL RISORGIMENTO;da specificare;;;;in prossimità VIALE OTTAVIANO;Scontro frontale fra veicoli in marcia;Rotatoria;Una carreggiata a senso unico di marcia;Asciutto;Asfaltata;Verticale ed orizzontale;Sereno;Normale;Buona;Ore Diurne;0;0;0;3;12.4578;41.90651;-1;1;Autovettura privata;In marcia / fermata / arresto;Conducente;M;Illeso;0;;;
2047930;11;23/04/2014 15:20;Strada Urbana;PIAZZA DEL RISORGIMENTO;da specificare;;;;in prossimità VIALE OTTAVIANO;Scontro frontale fra veicoli in marcia;Rotatoria;Una carreggiata a senso unico di marcia;Asciutto;Asfaltata;Verticale ed orizzontale;Sereno;Normale;Buona;Ore Diurne;0;0;0;3;12.4578;41.90651;-1;1;Autovettura privata;In marcia / fermata / arresto;Passeggero;F;Illeso;0;;;
2047930;11;23/04/2014 15:20;Strada Urbana;PIAZZA DEL RISORGIMENTO;da specificare;;;;in prossimità VIALE OTTAVIANO;Scontro frontale fra veicoli in marcia;Rotatoria;Una carreggiata a senso unico di marcia;Asciutto;Asfaltata;Verticale ed orizzontale;Sereno;Normale;Buona;Ore Diurne;0;0;0;3;12.4578;41.90651;-1;2;Ciclomotore;In marcia / fermata / arresto;Conducente;M;Illeso;0;;;
2047935;11;25/04/2014 10:30;Strada Urbana;CIRCONVALLAZIONE OSTIENSE;in prossimità;;del civico n.;230;;Veicolo in marcia contro veicoli in sosta;Rettilineo;Due carreggiate;Asciutto;Asfaltata;Verticale ed orizzontale;Sereno;Normale;Buona;Ore Diurne;0;0;0;3;12.48937;41.86716;-1;1;Autovettura privata;In marcia / fermata / arresto;Conducente;F;Illeso;0;;Utilizzato;Inesploso
2047935;11;25/04/2014 10:30;Strada Urbana;CIRCONVALLAZIONE OSTIENSE;in prossimità;;del civico n.;230;;Veicolo in marcia contro veicoli in sosta;Rettilineo;Due carreggiate;Asciutto;Asfaltata;Verticale ed orizzontale;Sereno;Normale;Buona;Ore Diurne;0;0;0;3;12.48937;41.86716;-1;1;Autovettura privata;In marcia / fermata / arresto;Passeggero;M;Illeso;0;;Utilizzato;Inesploso
2047935;11;25/04/2014 10:30;Strada Urbana;CIRCONVALLAZIONE OSTIENSE;in prossimità;;del civico n.;230;;Veicolo in marcia contro veicoli in sosta;Rettilineo;Due carreggiate;Asciutto;Asfaltata;Verticale ed orizzontale;Sereno;Normale;Buona;Ore Diurne;0;0;0;3;12.48937;41.86716;-1;1;Autovettura privata;In marcia / fermata / arresto;Passeggero;M;Illeso;0;;Utilizzato;Inesploso
2047955;2;25/04/2014 18:00;Strada Urbana;VIA SALARIA;all'intersezione semaforizzata con;VIALE SOMALIA;VIALE SOMALIA;;;Veicolo in marcia contro ostacolo accidentale;Intersezione semaforizzata;Una carreggiata a doppio senso;Asciutto;Asfaltata;Verticale ed orizzontale;Sereno;Normale;Buona;Ore Diurne;0;0;0;1;12.51693;41.99645;-1;1;Ciclomotore;In marcia / fermata / arresto;Conducente;F;Illeso;0;;Non accertato;
2048002;6;25/04/2014 11:10;Strada Urbana;VIA PRENESTINA;all'intersezione semaforizzata con;LARGO TELESE;LARGO TELESE;;;Scontro frontale/laterale SX fra veicoli in marcia;Incrocio;Più di due carreggiate;Asciutto;Asfaltata;Verticale ed orizzontale;Sereno;Normale;Buona;Ore Diurne;0;0;1;1;12.6069;41.89378;-1;1;Motociclo a solo;In marcia / fermata / arresto;Conducente;M;Deceduto durante prime cure;-1;;Non accertato;Inesistente
2048002;6;25/04/2014 11:10;Strada Urbana;VIA PRENESTINA;all'intersezione semaforizzata con;LARGO TELESE;LARGO TELESE;;;Scontro frontale/laterale SX fra veicoli in marcia;Incrocio;Più di due carreggiate;Asciutto;Asfaltata;Verticale ed orizzontale;Sereno;Normale;Buona;Ore Diurne;0;0;1;1;12.6069;41.89378;-1;2;Autovettura privata;In marcia / fermata / arresto;Conducente;M;Illeso;0;;Non accertato;Inesploso
2048048;8;25/04/2014 16:45;Strada Urbana;VIA DI GIARDINETTI;in prossimità;;del civico n.;150;;Veicolo in marcia contro veicolo in sosta;Rettilineo;Una carreggiata a senso unico di marcia;Asciutto;Asfaltata;Assente;Sereno;Scarso;Buona;Ore Diurne;0;0;0;2;12.60252;41.85904;-1;2;Autovettura privata;In marcia / fermata / arresto;Conducente;F;Illeso;0;;Non accertato;Inesploso
2048048;8;25/04/2014 16:45;Strada Urbana;VIA DI GIARDINETTI;in prossimità;;del civico n.;150;;Veicolo in marcia contro veicolo in sosta;Rettilineo;Una carreggiata a senso unico di marcia;Asciutto;Asfaltata;Assente;Sereno;Scarso;Buona;Ore Diurne;0;0;0;2;12.60252;41.85904;-1;2;Autovettura privata;In marcia / fermata / arresto;Passeggero;M;Illeso;0;;Non accertato;Inesploso
2048049;8;26/04/2014 00:10;Strada Urbana;VIALE PALMIRO TOGLIATTI;in corrispondenza;;del civico n.;229;;Veicolo in marcia contro veicoli in sosta;Rettilineo;Più di due carreggiate;Asciutto;Asfaltata;Verticale ed orizzontale;Sereno;Scarso;Buona;Sufficiente;1;0;0;4;12.56907;41.86201;-1;1;Autovettura privata;In marcia / fermata / arresto;Conducente;M;Illeso;0;;Non accertato;Inesploso
2048049;8;26/04/2014 00:10;Strada Urbana;VIALE PALMIRO TOGLIATTI;in corrispondenza;;del civico n.;229;;Veicolo in marcia contro veicoli in sosta;Rettilineo;Più di due carreggiate;Asciutto;Asfaltata;Verticale ed orizzontale;Sereno;Scarso;Buona;Sufficiente;1;0;0;4;12.56907;41.86201;-1;1;Autovettura privata;In marcia / fermata / arresto;Passeggero;M;Illeso;0;;Non accertato;Inesploso
2048049;8;26/04/2014 00:10;Strada Urbana;VIALE PALMIRO TOGLIATTI;in corrispondenza;;del civico n.;229;;Veicolo in marcia contro veicoli in sosta;Rettilineo;Più di due carreggiate;Asciutto;Asfaltata;Verticale ed orizzontale;Sereno;Scarso;Buona;Sufficiente;1;0;0;4;12.56907;41.86201;-1;1;Autovettura privata;In marcia / fermata / arresto;Passeggero;M;Illeso;0;;Non accertato;Inesploso
2048049;8;26/04/2014 00:10;Strada Urbana;VIALE PALMIRO TOGLIATTI;in corrispondenza;;del civico n.;229;;Veicolo in marcia contro veicoli in sosta;Rettilineo;Più di due carreggiate;Asciutto;Asfaltata;Verticale ed orizzontale;Sereno;Scarso;Buona;Sufficiente;1;0;0;4;12.56907;41.86201;-1;1;Autovettura privata;In marcia / fermata / arresto;Passeggero;M;Illeso;0;;Non accertato;Inesploso
2048049;8;26/04/2014 00:10;Strada Urbana;VIALE PALMIRO TOGLIATTI;in corrispondenza;;del civico n.;229;;Veicolo in marcia contro veicoli in sosta;Rettilineo;Più di due carreggiate;Asciutto;Asfaltata;Verticale ed orizzontale;Sereno;Scarso;Buona;Sufficiente;1;0;0;4;12.56907;41.86201;-1;2;Autovettura privata;In marcia / fermata / arresto;Conducente;M;Rimandato;0;NON DECEDUTO;Non accertato;Inesploso
2048051;11;26/04/2014 01:05;Strada Urbana;PIAZZA DEI RE DI ROMA;all'intersezione con;VIA ALBALONGA;VIA ALBALONGA;;;Scontro laterale fra veicoli in marcia;Rotatoria;Una carreggiata a senso unico di marcia;Asciutto;Asfaltata;Verticale ed orizzontale;Sereno;Scarso;Buona;Sufficiente;0;0;0;3;12.51324;41.88183;-1;1;Autovettura privata;In marcia / fermata / arresto;Conducente;M;Illeso;0;;Non accertato;Inesploso
2048051;11;26/04/2014 01:05;Strada Urbana;PIAZZA DEI RE DI ROMA;all'intersezione con;VIA ALBALONGA;VIA ALBALONGA;;;Scontro laterale fra veicoli in marcia;Rotatoria;Una carreggiata a senso unico di marcia;Asciutto;Asfaltata;Verticale ed orizzontale;Sereno;Scarso;Buona;Sufficiente;0;0;0;3;12.51324;41.88183;-1;1;Autovettura privata;In marcia / fermata / arresto;Passeggero;M;Illeso;0;;Non accertato;Inesploso
2048053;8;25/04/2014 19:40;Strada Urbana;VIA DI FONTANA CANDIDA;all'intersezione con;VIA PATTI;VIA PATTI;;;Veicolo in marcia contro veicolo fermo;Incrocio;Una carreggiata a doppio senso;Asciutto;Asfaltata;Verticale;Sereno;Normale;Buona;Sufficiente;0;0;0;8;12.69362;41.8533;-1;1;Autovettura privata;In marcia / fermata / arresto;Conducente;M;Illeso;0;;Non accertato;Inesploso
2048053;8;25/04/2014 19:40;Strada Urbana;VIA DI FONTANA CANDIDA;all'intersezione con;VIA PATTI;VIA PATTI;;;Veicolo in marcia contro veicolo fermo;Incrocio;Una carreggiata a doppio senso;Asciutto;Asfaltata;Verticale;Sereno;Normale;Buona;Sufficiente;0;0;0;8;12.69362;41.8533;-1;1;Autovettura privata;In marcia / fermata / arresto;Passeggero;F;Illeso;0;;Non accertato;Inesploso
2048053;8;25/04/2014 19:40;Strada Urbana;VIA DI FONTANA CANDIDA;all'intersezione con;VIA PATTI;VIA PATTI;;;Veicolo in marcia contro veicolo fermo;Incrocio;Una carreggiata a doppio senso;Asciutto;Asfaltata;Verticale;Sereno;Normale;Buona;Sufficiente;0;0;0;8;12.69362;41.8533;-1;1;Autovettura privata;In marcia / fermata / arresto;Passeggero;M;Illeso;0;;Non accertato;Inesploso
2048053;8;25/04/2014 19:40;Strada Urbana;VIA DI FONTANA CANDIDA;all'intersezione con;VIA PATTI;VIA PATTI;;;Veicolo in marcia contro veicolo fermo;Incrocio;Una carreggiata a doppio senso;Asciutto;Asfaltata;Verticale;Sereno;Normale;Buona;Sufficiente;0;0;0;8;12.69362;41.8533;-1;1;Autovettura privata;In marcia / fermata / arresto;Passeggero;F;Illeso;0;;Non accertato;Inesploso
2048053;8;25/04/2014 19:40;Strada Urbana;VIA DI FONTANA CANDIDA;all'intersezione con;VIA PATTI;VIA PATTI;;;Veicolo in marcia contro veicolo fermo;Incrocio;Una carreggiata a doppio senso;Asciutto;Asfaltata;Verticale;Sereno;Normale;Buona;Sufficiente;0;0;0;8;12.69362;41.8533;-1;1;Autovettura privata;In marcia / fermata / arresto;Passeggero;M;Illeso;0;;Non accertato;Inesploso
2048053;8;25/04/2014 19:40;Strada Urbana;VIA DI FONTANA CANDIDA;all'intersezione con;VIA PATTI;VIA PATTI;;;Veicolo in marcia contro veicolo fermo;Incrocio;Una carreggiata a doppio senso;Asciutto;Asfaltata;Verticale;Sereno;Normale;Buona;Sufficiente;0;0;0;8;12.69362;41.8533;-1;1;Autovettura privata;In marcia / fermata / arresto;Passeggero;F;Illeso;0;;Non accertato;Inesploso
2048053;8;25/04/2014 19:40;Strada Urbana;VIA DI FONTANA CANDIDA;all'intersezione con;VIA PATTI;VIA PATTI;;;Veicolo in marcia contro veicolo fermo;Incrocio;Una carreggiata a doppio senso;Asciutto;Asfaltata;Verticale;Sereno;Normale;Buona;Sufficiente;0;0;0;8;12.69362;41.8533;-1;2;Autovettura privata;In marcia / fermata / arresto;Conducente;M;Illeso;0;;Non accertato;Inesploso
2048053;8;25/04/2014 19:40;Strada Urbana;VIA DI FONTANA CANDIDA;all'intersezione con;VIA PATTI;VIA PATTI;;;Veicolo in marcia contro veicolo fermo;Incrocio;Una carreggiata a doppio senso;Asciutto;Asfaltata;Verticale;Sereno;Normale;Buona;Sufficiente;0;0;0;8;12.69362;41.8533;-1;2;Autovettura privata;In marcia / fermata / arresto;Passeggero;M;Illeso;0;;Non accertato;Inesploso
2048055;6;25/04/2014 23:55;Strada Urbana;VIA LUCHINO DAL VERME;all'intersezione semaforizzata con;VIA DI ACQUA BULLICANTE;VIA DI ACQUA BULLICANTE;;;Scontro frontale/laterale DX fra veicoli in marcia;Intersezione stradale segnalata;Una carreggiata a doppio senso;Asciutto;Asfaltata;Verticale ed orizzontale;Sereno;Normale;Buona;Sufficiente;0;0;0;5;12.54236;41.88884;-1;1;Autovettura privata;In marcia / fermata / arresto;Conducente;M;Illeso;0;;Utilizzato;
2048055;6;25/04/2014 23:55;Strada Urbana;VIA LUCHINO DAL VERME;all'intersezione semaforizzata con;VIA DI ACQUA BULLICANTE;VIA DI ACQUA BULLICANTE;;;Scontro frontale/laterale DX fra veicoli in marcia;Intersezione stradale segnalata;Una carreggiata a doppio senso;Asciutto;Asfaltata;Verticale ed orizzontale;Sereno;Normale;Buona;Sufficiente;0;0;0;5;12.54236;41.88884;-1;1;Autovettura privata;In marcia / fermata / arresto;Passeggero;M;Illeso;0;;Non accertato;